- ._.
-CURRENT_TIME and CURRENT_TIMESTAMP deliver values with time zone; LOCALTIME and LOCALTIMESTAMP deliver values without time zone.

-REVISAR agora.parametro_estandar

-Tabla: grupo_info_complementaria 
-Tabla que parametriza la información complementaria de un tercero que pueda ser relacionada a un mismo grupo o tipo como pueden ser: discapacidades, estados civiles, grupos sanguíneo, grupos étnicos, géneros entre otros. También se requiere un grupo para valores cuyos datos internos no van a ser parametrizados

INSERT INTO terceros.grupo_info_complementaria (id, nombre, descripcion, codigo_abreviacion, activo, fecha_creacion, fecha_modificacion) VALUES (1, 'Tipo Discapacidad', 'Tipos de Discapacidades que puede tener un tercero / persona natural.', 'Grupo_1', TRUE, LOCALTIMESTAMP, LOCALTIMESTAMP);
INSERT INTO terceros.grupo_info_complementaria (id, nombre, descripcion, codigo_abreviacion, activo, fecha_creacion, fecha_modificacion) VALUES (2, 'Estado Civil', 'Tipos de Estado Civil que puede tener un tercero / persona_natural.', 'Grupo_2', TRUE, LOCALTIMESTAMP, LOCALTIMESTAMP);
INSERT INTO terceros.grupo_info_complementaria (id, nombre, descripcion, codigo_abreviacion, activo, fecha_creacion, fecha_modificacion) VALUES (3, 'Tipo Etnia', 'Tipos de Etnias a la que puede pertenecer un tercero / persona_natural.', 'Grupo_3', TRUE, LOCALTIMESTAMP, LOCALTIMESTAMP);
INSERT INTO terceros.grupo_info_complementaria (id, nombre, descripcion, codigo_abreviacion, activo, fecha_creacion, fecha_modificacion) VALUES (4, 'Estados', 'Tipos de Estados.', 'Grupo_4', TRUE, LOCALTIMESTAMP, LOCALTIMESTAMP);
INSERT INTO terceros.grupo_info_complementaria (id, nombre, descripcion, codigo_abreviacion, activo, fecha_creacion, fecha_modificacion) VALUES (5, 'Tipo Perfil', 'Tipos de Perfiles.', 'Grupo_5', TRUE, LOCALTIMESTAMP, LOCALTIMESTAMP);

-Tabla: info_complementaria
-Tabla que parametriza los tipos concretos de grupos sanguineo, grupos etnicos, discapacidades, estados civiles, generos y cualquier informacion complementaria relacionada a un tercero.

INSERT INTO terceros.info_complementaria (nombre, codigo_abreviacion, activo, grupo_info_complementaria_id, fecha_creacion, fecha_modificacion) VALUES ('FISICA', 'FISICA', TRUE, 1, LOCALTIMESTAMP, LOCALTIMESTAMP);
INSERT INTO terceros.info_complementaria (nombre, codigo_abreviacion, activo, grupo_info_complementaria_id, fecha_creacion, fecha_modificacion) VALUES ('SENSORIAL', 'SENSORIAL', TRUE, 1, LOCALTIMESTAMP, LOCALTIMESTAMP);
INSERT INTO terceros.info_complementaria (nombre, codigo_abreviacion, activo, grupo_info_complementaria_id, fecha_creacion, fecha_modificacion) VALUES ('AUDITIVA', 'AUDITIVA', TRUE, 1, LOCALTIMESTAMP, LOCALTIMESTAMP);
INSERT INTO terceros.info_complementaria (nombre, codigo_abreviacion, activo, grupo_info_complementaria_id, fecha_creacion, fecha_modificacion) VALUES ('VISUAL', 'VISUAL', TRUE, 1, LOCALTIMESTAMP, LOCALTIMESTAMP);
INSERT INTO terceros.info_complementaria (nombre, codigo_abreviacion, activo, grupo_info_complementaria_id, fecha_creacion, fecha_modificacion) VALUES ('PSIQUICA', 'PSIQUICA', TRUE, 1, LOCALTIMESTAMP, LOCALTIMESTAMP);
INSERT INTO terceros.info_complementaria (nombre, codigo_abreviacion, activo, grupo_info_complementaria_id, fecha_creacion, fecha_modificacion) VALUES ('MENTAL', 'MENTAL', TRUE, 1, LOCALTIMESTAMP, LOCALTIMESTAMP);
INSERT INTO terceros.info_complementaria (nombre, codigo_abreviacion, activo, grupo_info_complementaria_id, fecha_creacion, fecha_modificacion) VALUES ('NO APLICA', 'NO APLICA', TRUE, 1, LOCALTIMESTAMP, LOCALTIMESTAMP);

INSERT INTO terceros.info_complementaria (nombre, codigo_abreviacion, activo, grupo_info_complementaria_id, fecha_creacion, fecha_modificacion) VALUES ('SOLTERO', 'SOLTERO', TRUE, 2, LOCALTIMESTAMP, LOCALTIMESTAMP);
INSERT INTO terceros.info_complementaria (nombre, codigo_abreviacion, activo, grupo_info_complementaria_id, fecha_creacion, fecha_modificacion) VALUES ('CASADO', 'CASADO', TRUE, 2, LOCALTIMESTAMP, LOCALTIMESTAMP);
INSERT INTO terceros.info_complementaria (nombre, codigo_abreviacion, activo, grupo_info_complementaria_id, fecha_creacion, fecha_modificacion) VALUES ('UNION LIBRE', 'UNION LIBRE', TRUE, 2, LOCALTIMESTAMP, LOCALTIMESTAMP);
INSERT INTO terceros.info_complementaria (nombre, codigo_abreviacion, activo, grupo_info_complementaria_id, fecha_creacion, fecha_modificacion) VALUES ('VIUDO', 'VIUDO', TRUE, 2, LOCALTIMESTAMP, LOCALTIMESTAMP);
INSERT INTO terceros.info_complementaria (nombre, codigo_abreviacion, activo, grupo_info_complementaria_id, fecha_creacion, fecha_modificacion) VALUES ('DIVORCIADO', 'DIVORCIADO', TRUE, 2, LOCALTIMESTAMP, LOCALTIMESTAMP);

INSERT INTO terceros.info_complementaria (nombre, codigo_abreviacion, activo, grupo_info_complementaria_id, fecha_creacion, fecha_modificacion) VALUES ('AFRODESCENDIENTES', 'AFRODESCENDIENTES', TRUE, 3, LOCALTIMESTAMP, LOCALTIMESTAMP);
INSERT INTO terceros.info_complementaria (nombre, codigo_abreviacion, activo, grupo_info_complementaria_id, fecha_creacion, fecha_modificacion) VALUES ('INDIGENAS', 'INDIGENAS', TRUE, 3, LOCALTIMESTAMP, LOCALTIMESTAMP);
INSERT INTO terceros.info_complementaria (nombre, codigo_abreviacion, activo, grupo_info_complementaria_id, fecha_creacion, fecha_modificacion) VALUES ('RAIZALES', 'RAIZALES', TRUE, 3, LOCALTIMESTAMP, LOCALTIMESTAMP);
INSERT INTO terceros.info_complementaria (nombre, codigo_abreviacion, activo, grupo_info_complementaria_id, fecha_creacion, fecha_modificacion) VALUES ('ROM', 'ROM', TRUE, 3, LOCALTIMESTAMP, LOCALTIMESTAMP);
INSERT INTO terceros.info_complementaria (nombre, codigo_abreviacion, activo, grupo_info_complementaria_id, fecha_creacion, fecha_modificacion) VALUES ('NO APLICA', 'NO APLICA', TRUE, 3, LOCALTIMESTAMP, LOCALTIMESTAMP);

INSERT INTO terceros.info_complementaria (nombre, codigo_abreviacion, activo, grupo_info_complementaria_id, fecha_creacion, fecha_modificacion) VALUES ('ACTIVO', 'ACTIVO', TRUE, 4, LOCALTIMESTAMP, LOCALTIMESTAMP);
INSERT INTO terceros.info_complementaria (nombre, codigo_abreviacion, activo, grupo_info_complementaria_id, fecha_creacion, fecha_modificacion) VALUES ('INACTIVO', 'INACTIVO', TRUE, 4, LOCALTIMESTAMP, LOCALTIMESTAMP);
INSERT INTO terceros.info_complementaria (nombre, codigo_abreviacion, activo, grupo_info_complementaria_id, fecha_creacion, fecha_modificacion) VALUES ('INHABILITADO', 'INHABILITADO', TRUE, 4, LOCALTIMESTAMP, LOCALTIMESTAMP);
INSERT INTO terceros.info_complementaria (nombre, codigo_abreviacion, activo, grupo_info_complementaria_id, fecha_creacion, fecha_modificacion) VALUES ('RECHAZADO', 'RECHAZADO', TRUE, 4, LOCALTIMESTAMP, LOCALTIMESTAMP);

INSERT INTO terceros.info_complementaria (nombre, codigo_abreviacion, activo, grupo_info_complementaria_id, fecha_creacion, fecha_modificacion) VALUES ('ASISTENCIAL', 'ASISTENCIAL', TRUE, 5, LOCALTIMESTAMP, LOCALTIMESTAMP);
INSERT INTO terceros.info_complementaria (nombre, codigo_abreviacion, activo, grupo_info_complementaria_id, fecha_creacion, fecha_modificacion) VALUES ('TÉCNICO', 'TÉCNICO', TRUE, 5, LOCALTIMESTAMP, LOCALTIMESTAMP);
INSERT INTO terceros.info_complementaria (nombre, codigo_abreviacion, activo, grupo_info_complementaria_id, fecha_creacion, fecha_modificacion) VALUES ('PROFESIONAL', 'PROFESIONAL', TRUE, 5, LOCALTIMESTAMP, LOCALTIMESTAMP);
INSERT INTO terceros.info_complementaria (nombre, codigo_abreviacion, activo, grupo_info_complementaria_id, fecha_creacion, fecha_modificacion) VALUES ('PROFESIONAL ESPECIALIZADO', 'PROF_ESPECIALIZADO', TRUE, 5, LOCALTIMESTAMP, LOCALTIMESTAMP);
INSERT INTO terceros.info_complementaria (nombre, codigo_abreviacion, activo, grupo_info_complementaria_id, fecha_creacion, fecha_modificacion) VALUES ('ASESOR 1', 'ASESOR 1', TRUE, 5, LOCALTIMESTAMP, LOCALTIMESTAMP);
INSERT INTO terceros.info_complementaria (nombre, codigo_abreviacion, activo, grupo_info_complementaria_id, fecha_creacion, fecha_modificacion) VALUES ('ASESOR 2', 'ASESOR 2', TRUE, 5, LOCALTIMESTAMP, LOCALTIMESTAMP);
INSERT INTO terceros.info_complementaria (nombre, codigo_abreviacion, activo, grupo_info_complementaria_id, fecha_creacion, fecha_modificacion) VALUES ('NO APLICA', 'NO APLICA', TRUE, 5, LOCALTIMESTAMP, LOCALTIMESTAMP);

-Tabla: tipo_documento 
-Tabla que parametriza los diferentes tipos de documento que puede tener una persona juridica o natural.

INSERT INTO terceros.tipo_documento (nombre, descripcion, codigo_abreviacion, activo, fecha_creacion, fecha_modificacion) VALUES ('REGISTRO CIVIL DE NACIMIENTO', 'REGISTRO CIVIL DE NACIMIENTO', 'RC', TRUE, LOCALTIMESTAMP, LOCALTIMESTAMP);
INSERT INTO terceros.tipo_documento (nombre, descripcion, codigo_abreviacion, activo, fecha_creacion, fecha_modificacion) VALUES ('TARJETA DE IDENTIDAD', 'TARJETA DE IDENTIDAD', 'TI', TRUE, LOCALTIMESTAMP, LOCALTIMESTAMP);
INSERT INTO terceros.tipo_documento (nombre, descripcion, codigo_abreviacion, activo, fecha_creacion, fecha_modificacion) VALUES ('CÉDULA DE CIUDADANÍA', 'CÉDULA DE CIUDADANÍA', 'CC', TRUE, LOCALTIMESTAMP, LOCALTIMESTAMP);
INSERT INTO terceros.tipo_documento (nombre, descripcion, codigo_abreviacion, activo, fecha_creacion, fecha_modificacion) VALUES ('CERTIFICADO REGISTRADURÍA SIN IDENTIFICACIÓN', 'CERTIFICADO REGISTRADURÍA SIN IDENTIFICACIÓN', 'CRSI', TRUE, LOCALTIMESTAMP, LOCALTIMESTAMP);
INSERT INTO terceros.tipo_documento (nombre, descripcion, codigo_abreviacion, activo, fecha_creacion, fecha_modificacion) VALUES ('TARJETA DE EXTRANJERÍA', 'TARJETA DE EXTRANJERÍA', 'TE', TRUE, LOCALTIMESTAMP, LOCALTIMESTAMP);
INSERT INTO terceros.tipo_documento (nombre, descripcion, codigo_abreviacion, activo, fecha_creacion, fecha_modificacion) VALUES ('CÉDULA DE EXTRANJERÍA', 'CÉDULA DE EXTRANJERÍA', 'CE', TRUE, LOCALTIMESTAMP, LOCALTIMESTAMP);
INSERT INTO terceros.tipo_documento (nombre, descripcion, codigo_abreviacion, activo, fecha_creacion, fecha_modificacion) VALUES ('NIT', 'NIT', 'NIT', TRUE, LOCALTIMESTAMP, LOCALTIMESTAMP);
INSERT INTO terceros.tipo_documento (nombre, descripcion, codigo_abreviacion, activo, fecha_creacion, fecha_modificacion) VALUES ('IDENTIFICACIÓN DE EXTRANJEROS DIFERENTE AL NIT ASIGNADO DIAN', 'IDENTIFICACIÓN DE EXTRANJEROS DIFERENTE AL NIT ASIGNADO DIAN', 'IEDD', TRUE, LOCALTIMESTAMP, LOCALTIMESTAMP);
INSERT INTO terceros.tipo_documento (nombre, descripcion, codigo_abreviacion, activo, fecha_creacion, fecha_modificacion) VALUES ('PASAPORTE', 'PASAPORTE', 'PAS', TRUE, LOCALTIMESTAMP, LOCALTIMESTAMP);
INSERT INTO terceros.tipo_documento (nombre, descripcion, codigo_abreviacion, activo, fecha_creacion, fecha_modificacion) VALUES ('DOCUMENTO DE IDENTIFICACIÓN EXTRANJERO', 'DOCUMENTO DE IDENTIFICACIÓN EXTRANJERO', 'DIE', TRUE, LOCALTIMESTAMP, LOCALTIMESTAMP);
INSERT INTO terceros.tipo_documento (nombre, descripcion, codigo_abreviacion, activo, fecha_creacion, fecha_modificacion) VALUES ('SIN IDENTIFICACIÓN DEL EXTERIOR O PARA USO DEFINIDO POR DIAN', 'SIN IDENTIFICACIÓN DEL EXTERIOR O PARA USO DEFINIDO POR DIAN', 'SIED', TRUE, LOCALTIMESTAMP, LOCALTIMESTAMP);
INSERT INTO terceros.tipo_documento (nombre, descripcion, codigo_abreviacion, activo, fecha_creacion, fecha_modificacion) VALUES ('DOCUMENTO DE IDENTIFICACIÓN EXTRANJERO PERSONA JURÍDICA', 'DOCUMENTO DE IDENTIFICACIÓN EXTRANJERO PERSONA JURÍDICA', 'DIEPJ', TRUE, LOCALTIMESTAMP, LOCALTIMESTAMP);
INSERT INTO terceros.tipo_documento (nombre, descripcion, codigo_abreviacion, activo, fecha_creacion, fecha_modificacion) VALUES ('CARNÉ DIPLOMÁTICO', 'CARNÉ DIPLOMÁTICO', 'CD', TRUE, LOCALTIMESTAMP, LOCALTIMESTAMP);






-Notas 

-Revisar agora.parametro_tipo_conformacion VS agora.tipo_entidad
-Unidades tabla que se pidio revisar agora.unidad





-Tabla: tipo_contribuyente 
-Tabla que parametriza los Tipos de contribuyentes: PersonaNatural - Persona Juridica

INSERT INTO terceros.tipo_contribuyente (id, nombre, codigo_abreviacion, activo, fecha_creacion, fecha_modificacion) VALUES (1, 'PERSONA NATURAL', 'P_NATURAL', TRUE, LOCALTIMESTAMP, LOCALTIMESTAMP);
INSERT INTO terceros.tipo_contribuyente (id, nombre, codigo_abreviacion, activo, fecha_creacion, fecha_modificacion) VALUES (2, 'PERSONA JURIDICA', 'P_JURIDICA', TRUE, LOCALTIMESTAMP, LOCALTIMESTAMP);

-Tabla: tipo_tercero
Tabla que parametriza a los tipos de terceros, sean: Personas/Empresas/Eps/Caja Compensacion/Arl, Entidades de caracter Publico/Privado/Mixto entre otros.

INSERT INTO terceros.tipo_tercero (id, nombre, descripcion, codigo_abreviacion, activo, fecha_creacion, fecha_modificacion) VALUES (1, 'BANCO', 'Entidad Bancaria', 'BANCO', TRUE, LOCALTIMESTAMP, LOCALTIMESTAMP);
INSERT INTO terceros.tipo_tercero (id, nombre, descripcion, codigo_abreviacion, activo, fecha_creacion, fecha_modificacion) VALUES (2, 'E_ASEGURADORA', 'Entidad Aseguradora', 'E_ASEGURADORA', TRUE, LOCALTIMESTAMP, LOCALTIMESTAMP);
INSERT INTO terceros.tipo_tercero (id, nombre, descripcion, codigo_abreviacion, activo, fecha_creacion, fecha_modificacion) VALUES (3, 'EPS', 'Entidad Prestadora de Salud ', 'EPS', TRUE, LOCALTIMESTAMP, LOCALTIMESTAMP);
INSERT INTO terceros.tipo_tercero (id, nombre, descripcion, codigo_abreviacion, activo, fecha_creacion, fecha_modificacion) VALUES (4, 'ARL', 'Administradora de Riesgos Laborales', 'ARL', TRUE, LOCALTIMESTAMP, LOCALTIMESTAMP);
INSERT INTO terceros.tipo_tercero (id, nombre, descripcion, codigo_abreviacion, activo, fecha_creacion, fecha_modificacion) VALUES (5, 'F_PENSION', 'Fondo de Pensión', 'F_PENSION', TRUE, LOCALTIMESTAMP, LOCALTIMESTAMP);
INSERT INTO terceros.tipo_tercero (id, nombre, descripcion, codigo_abreviacion, activo, fecha_creacion, fecha_modificacion) VALUES (6, 'CAJA_COMPENSACIÓN', 'Caja de Compensación', 'CAJA_COMPENSACIÓN', TRUE, LOCALTIMESTAMP, LOCALTIMESTAMP);
INSERT INTO terceros.tipo_tercero (id, nombre, descripcion, codigo_abreviacion, activo, fecha_creacion, fecha_modificacion) VALUES (7, 'COLEGIO', null, 'COLEGIO', TRUE, LOCALTIMESTAMP, LOCALTIMESTAMP);
INSERT INTO terceros.tipo_tercero (id, nombre, descripcion, codigo_abreviacion, activo, fecha_creacion, fecha_modificacion) VALUES (8, 'ENTIDAD_PUBLICA', null, 'ENTIDAD_PUBLICA', TRUE, LOCALTIMESTAMP, LOCALTIMESTAMP);
INSERT INTO terceros.tipo_tercero (id, nombre, descripcion, codigo_abreviacion, activo, fecha_creacion, fecha_modificacion) VALUES (9, 'ENTIDAD_PRIVADA', null, 'ENTIDAD_PRIVADA', TRUE, LOCALTIMESTAMP, LOCALTIMESTAMP);
INSERT INTO terceros.tipo_tercero (id, nombre, descripcion, codigo_abreviacion, activo, fecha_creacion, fecha_modificacion) VALUES (10, 'ENTIDAD_MIXTA', 'Eentidad de caracter tanto publica como privada', 'ENTIDAD_MIXTA', TRUE, LOCALTIMESTAMP, LOCALTIMESTAMP);
INSERT INTO terceros.tipo_tercero (id, nombre, descripcion, codigo_abreviacion, activo, fecha_creacion, fecha_modificacion) VALUES (11, 'FAMILIAR', 'Persona natural que tiene un parentesco con otra persona natural de la organización', 'FAMILIAR', TRUE, LOCALTIMESTAMP, LOCALTIMESTAMP);


-Tabla: grupo_info_complementaria // info_complementaria

INSERT INTO terceros.grupo_info_complementaria (id, nombre, descripcion, codigo_abreviacion, activo, fecha_creacion, fecha_modificacion) VALUES (6, 'Genero', 'Generos.', 'Grupo_6', TRUE, LOCALTIMESTAMP, LOCALTIMESTAMP);
INSERT INTO terceros.grupo_info_complementaria (id, nombre, descripcion, codigo_abreviacion, activo, fecha_creacion, fecha_modificacion) VALUES (7, 'Grupo sanguineo', 'Clasificacion de los grupos sanguineos establecida por Karl Landsteiner.', 'Grupo_7', TRUE, LOCALTIMESTAMP, LOCALTIMESTAMP);
INSERT INTO terceros.grupo_info_complementaria (id, nombre, descripcion, codigo_abreviacion, activo, fecha_creacion, fecha_modificacion) VALUES (8, 'Factor RH', 'El factor RH es una proteína de los glóbulos rojos y permite detectar el tipo de sangre sea + o -.', 'Grupo_8', TRUE, LOCALTIMESTAMP, LOCALTIMESTAMP);
INSERT INTO terceros.grupo_info_complementaria (id, nombre, descripcion, codigo_abreviacion, activo, fecha_creacion, fecha_modificacion) VALUES (9, 'Información Socioeconómica', 'Información Socioeconómica de una persona natural.', 'Grupo_9', TRUE, LOCALTIMESTAMP, LOCALTIMESTAMP);
INSERT INTO terceros.grupo_info_complementaria (id, nombre, descripcion, codigo_abreviacion, activo, fecha_creacion, fecha_modificacion) VALUES (10, 'Información Contacto', 'Información de Contacto de una persona natural o juridica.', 'Grupo_10', TRUE, LOCALTIMESTAMP, LOCALTIMESTAMP);


INSERT INTO terceros.info_complementaria (nombre, codigo_abreviacion, activo, grupo_info_complementaria_id, fecha_creacion, fecha_modificacion) VALUES ('FEMENINO', 'FEMENINO', TRUE, 6, LOCALTIMESTAMP, LOCALTIMESTAMP);
INSERT INTO terceros.info_complementaria (nombre, codigo_abreviacion, activo, grupo_info_complementaria_id, fecha_creacion, fecha_modificacion) VALUES ('MASCULINO', 'MASCULINO', TRUE, 6, LOCALTIMESTAMP, LOCALTIMESTAMP);
INSERT INTO terceros.info_complementaria (nombre, codigo_abreviacion, activo, grupo_info_complementaria_id, fecha_creacion, fecha_modificacion) VALUES ('NO APLICA', 'NO APLICA', TRUE, 6, LOCALTIMESTAMP, LOCALTIMESTAMP);

INSERT INTO terceros.info_complementaria (nombre, codigo_abreviacion, activo, grupo_info_complementaria_id, fecha_creacion, fecha_modificacion) VALUES ('A', 'A', TRUE, 7, LOCALTIMESTAMP, LOCALTIMESTAMP);
INSERT INTO terceros.info_complementaria (nombre, codigo_abreviacion, activo, grupo_info_complementaria_id, fecha_creacion, fecha_modificacion) VALUES ('B', 'B', TRUE, 7, LOCALTIMESTAMP, LOCALTIMESTAMP);
INSERT INTO terceros.info_complementaria (nombre, codigo_abreviacion, activo, grupo_info_complementaria_id, fecha_creacion, fecha_modificacion) VALUES ('AB', 'AB', TRUE, 7, LOCALTIMESTAMP, LOCALTIMESTAMP);
INSERT INTO terceros.info_complementaria (nombre, codigo_abreviacion, activo, grupo_info_complementaria_id, fecha_creacion, fecha_modificacion) VALUES ('O', 'O', TRUE, 7, LOCALTIMESTAMP, LOCALTIMESTAMP);

INSERT INTO terceros.info_complementaria (nombre, codigo_abreviacion, activo, grupo_info_complementaria_id, fecha_creacion, fecha_modificacion) VALUES ('+', '+', TRUE, 8, LOCALTIMESTAMP, LOCALTIMESTAMP);
INSERT INTO terceros.info_complementaria (nombre, codigo_abreviacion, activo, grupo_info_complementaria_id, fecha_creacion, fecha_modificacion) VALUES ('-', '-', TRUE, 8, LOCALTIMESTAMP, LOCALTIMESTAMP);

INSERT INTO terceros.info_complementaria (nombre, codigo_abreviacion, activo, grupo_info_complementaria_id, fecha_creacion, fecha_modificacion) VALUES ('ESTRATO', 'ESTRATO', TRUE, 9, LOCALTIMESTAMP, LOCALTIMESTAMP);
INSERT INTO terceros.info_complementaria (nombre, codigo_abreviacion, activo, grupo_info_complementaria_id, fecha_creacion, fecha_modificacion) VALUES ('PUNTAJE_SISBEN', 'PUNTAJE_SISBEN', TRUE, 9, LOCALTIMESTAMP, LOCALTIMESTAMP);
INSERT INTO terceros.info_complementaria (nombre, codigo_abreviacion, activo, grupo_info_complementaria_id, fecha_creacion, fecha_modificacion) VALUES ('DECLARANTE_RENTA', 'DECLARANTE_RENTA', TRUE, 9, LOCALTIMESTAMP, LOCALTIMESTAMP);
INSERT INTO terceros.info_complementaria (nombre, codigo_abreviacion, activo, grupo_info_complementaria_id, fecha_creacion, fecha_modificacion) VALUES ('COMUNIDAD_LGBT', 'COMUNIDAD_LGBT', TRUE, 9, LOCALTIMESTAMP, LOCALTIMESTAMP);
INSERT INTO terceros.info_complementaria (nombre, codigo_abreviacion, activo, grupo_info_complementaria_id, fecha_creacion, fecha_modificacion) VALUES ('CABEZA_FAMILIA', 'CABEZA_FAMILIA', TRUE, 9, LOCALTIMESTAMP, LOCALTIMESTAMP);
INSERT INTO terceros.info_complementaria (nombre, codigo_abreviacion, activo, grupo_info_complementaria_id, fecha_creacion, fecha_modificacion) VALUES ('PERSONAS_A_CARGO', 'PERSONAS_A_CARGO', TRUE, 9, LOCALTIMESTAMP, LOCALTIMESTAMP);
INSERT INTO terceros.info_complementaria (nombre, codigo_abreviacion, activo, grupo_info_complementaria_id, fecha_creacion, fecha_modificacion) VALUES ('NUMERO_PERSONAS_A_CARGO', 'NUM_PERSONAS_A_CARGO', TRUE, 9, LOCALTIMESTAMP, LOCALTIMESTAMP);
INSERT INTO terceros.info_complementaria (nombre, codigo_abreviacion, activo, grupo_info_complementaria_id, fecha_creacion, fecha_modificacion) VALUES ('HIJOS', 'HIJOS', TRUE, 9, LOCALTIMESTAMP, LOCALTIMESTAMP);
INSERT INTO terceros.info_complementaria (nombre, codigo_abreviacion, activo, grupo_info_complementaria_id, fecha_creacion, fecha_modificacion) VALUES ('NUMERO_HIJOS', 'NUMERO_HIJOS', TRUE, 9, LOCALTIMESTAMP, LOCALTIMESTAMP);
INSERT INTO terceros.info_complementaria (nombre, codigo_abreviacion, activo, grupo_info_complementaria_id, fecha_creacion, fecha_modificacion) VALUES ('NUMERO_HERMANOS', 'NUMERO_HERMANOS', TRUE, 9, LOCALTIMESTAMP, LOCALTIMESTAMP);

INSERT INTO terceros.info_complementaria (nombre, codigo_abreviacion, activo, grupo_info_complementaria_id, fecha_creacion, fecha_modificacion) VALUES ('TELEFONO', 'TELEFONO', TRUE, 10, LOCALTIMESTAMP, LOCALTIMESTAMP);
INSERT INTO terceros.info_complementaria (nombre, codigo_abreviacion, activo, grupo_info_complementaria_id, fecha_creacion, fecha_modificacion) VALUES ('CELULAR', 'CELULAR', TRUE, 10, LOCALTIMESTAMP, LOCALTIMESTAMP);
INSERT INTO terceros.info_complementaria (nombre, codigo_abreviacion, activo, grupo_info_complementaria_id, fecha_creacion, fecha_modificacion) VALUES ('CORREO', 'CORREO', TRUE, 10, LOCALTIMESTAMP, LOCALTIMESTAMP);
INSERT INTO terceros.info_complementaria (nombre, codigo_abreviacion, activo, grupo_info_complementaria_id, fecha_creacion, fecha_modificacion) VALUES ('DIRECCIÓN', 'DIRECCIÓN', TRUE, 10, LOCALTIMESTAMP, LOCALTIMESTAMP);
INSERT INTO terceros.info_complementaria (nombre, codigo_abreviacion, activo, grupo_info_complementaria_id, fecha_creacion, fecha_modificacion) VALUES ('CODIGO_POSTAL', 'CODIGO_POSTAL', TRUE, 10, LOCALTIMESTAMP, LOCALTIMESTAMP);


-28N

INSERT INTO terceros.grupo_info_complementaria (id, nombre, descripcion, codigo_abreviacion, activo, fecha_creacion, fecha_modificacion) VALUES (11, 'Información Adicional', 'Información Adicional.', 'Grupo_11', TRUE, LOCALTIMESTAMP, LOCALTIMESTAMP);
INSERT INTO terceros.info_complementaria (nombre, codigo_abreviacion, activo, grupo_info_complementaria_id, fecha_creacion, fecha_modificacion) VALUES ('DESCRIPCIÓN', 'DESCRIPCIÓN', TRUE, 11, LOCALTIMESTAMP, LOCALTIMESTAMP);


- Sara >> Core >> Banco 

WITH ins1 AS ( INSERT INTO terceros.tercero(nombre_completo, activo, tipo_contribuyente_id, fecha_creacion, fecha_modificacion) VALUES ('BANCO DE LA REPÚBLICA', TRUE, (SELECT id FROM terceros.tipo_contribuyente WHERE codigo_abreviacion = 'P_JURIDICA'), LOCALTIMESTAMP, LOCALTIMESTAMP) RETURNING id AS user_id ) , ins2 AS ( INSERT INTO terceros.tercero_tipo_tercero(tercero_id, tipo_tercero_id, activo, fecha_creacion, fecha_modificacion) SELECT user_id, 1, TRUE, LOCALTIMESTAMP, LOCALTIMESTAMP FROM ins1 ) INSERT INTO terceros.info_complementaria_tercero (tercero_id, info_complementaria_id, dato, activo, fecha_creacion, fecha_modificacion) SELECT user_id, (SELECT id FROM terceros.info_complementaria WHERE codigo_abreviacion = 'DESCRIPCIÓN'), '{"dato":"Banco Local Colombia"}', TRUE, LOCALTIMESTAMP, LOCALTIMESTAMP FROM ins1;
WITH ins1 AS ( INSERT INTO terceros.tercero(nombre_completo, activo, tipo_contribuyente_id, fecha_creacion, fecha_modificacion) VALUES ('BANCO DE BOGOTÁ', TRUE, (SELECT id FROM terceros.tipo_contribuyente WHERE codigo_abreviacion = 'P_JURIDICA'), LOCALTIMESTAMP, LOCALTIMESTAMP) RETURNING id AS user_id ) , ins2 AS ( INSERT INTO terceros.tercero_tipo_tercero(tercero_id, tipo_tercero_id, activo, fecha_creacion, fecha_modificacion) SELECT user_id, 1, TRUE, LOCALTIMESTAMP, LOCALTIMESTAMP FROM ins1 ) INSERT INTO terceros.info_complementaria_tercero (tercero_id, info_complementaria_id, dato, activo, fecha_creacion, fecha_modificacion) SELECT user_id, (SELECT id FROM terceros.info_complementaria WHERE codigo_abreviacion = 'DESCRIPCIÓN'), '{"dato":"Banco Local Colombia"}', TRUE, LOCALTIMESTAMP, LOCALTIMESTAMP FROM ins1;
WITH ins1 AS ( INSERT INTO terceros.tercero(nombre_completo, activo, tipo_contribuyente_id, fecha_creacion, fecha_modificacion) VALUES ('BANCO POPULAR', TRUE, (SELECT id FROM terceros.tipo_contribuyente WHERE codigo_abreviacion = 'P_JURIDICA'), LOCALTIMESTAMP, LOCALTIMESTAMP) RETURNING id AS user_id ) , ins2 AS ( INSERT INTO terceros.tercero_tipo_tercero(tercero_id, tipo_tercero_id, activo, fecha_creacion, fecha_modificacion) SELECT user_id, 1, TRUE, LOCALTIMESTAMP, LOCALTIMESTAMP FROM ins1 ) INSERT INTO terceros.info_complementaria_tercero (tercero_id, info_complementaria_id, dato, activo, fecha_creacion, fecha_modificacion) SELECT user_id, (SELECT id FROM terceros.info_complementaria WHERE codigo_abreviacion = 'DESCRIPCIÓN'), '{"dato":"Banco Local Colombia"}', TRUE, LOCALTIMESTAMP, LOCALTIMESTAMP FROM ins1;
WITH ins1 AS ( INSERT INTO terceros.tercero(nombre_completo, activo, tipo_contribuyente_id, fecha_creacion, fecha_modificacion) VALUES ('BANCO CORPBANCA COLOMBIA S.A.', TRUE, (SELECT id FROM terceros.tipo_contribuyente WHERE codigo_abreviacion = 'P_JURIDICA'), LOCALTIMESTAMP, LOCALTIMESTAMP) RETURNING id AS user_id ) , ins2 AS ( INSERT INTO terceros.tercero_tipo_tercero(tercero_id, tipo_tercero_id, activo, fecha_creacion, fecha_modificacion) SELECT user_id, 1, TRUE, LOCALTIMESTAMP, LOCALTIMESTAMP FROM ins1 ) INSERT INTO terceros.info_complementaria_tercero (tercero_id, info_complementaria_id, dato, activo, fecha_creacion, fecha_modificacion) SELECT user_id, (SELECT id FROM terceros.info_complementaria WHERE codigo_abreviacion = 'DESCRIPCIÓN'), '{"dato":"Banco Local Colombia"}', TRUE, LOCALTIMESTAMP, LOCALTIMESTAMP FROM ins1;
WITH ins1 AS ( INSERT INTO terceros.tercero(nombre_completo, activo, tipo_contribuyente_id, fecha_creacion, fecha_modificacion) VALUES ('BANCOLOMBIA S.A.', TRUE, (SELECT id FROM terceros.tipo_contribuyente WHERE codigo_abreviacion = 'P_JURIDICA'), LOCALTIMESTAMP, LOCALTIMESTAMP) RETURNING id AS user_id ) , ins2 AS ( INSERT INTO terceros.tercero_tipo_tercero(tercero_id, tipo_tercero_id, activo, fecha_creacion, fecha_modificacion) SELECT user_id, 1, TRUE, LOCALTIMESTAMP, LOCALTIMESTAMP FROM ins1 ) INSERT INTO terceros.info_complementaria_tercero (tercero_id, info_complementaria_id, dato, activo, fecha_creacion, fecha_modificacion) SELECT user_id, (SELECT id FROM terceros.info_complementaria WHERE codigo_abreviacion = 'DESCRIPCIÓN'), '{"dato":"Banco Local Colombia"}', TRUE, LOCALTIMESTAMP, LOCALTIMESTAMP FROM ins1;
WITH ins1 AS ( INSERT INTO terceros.tercero(nombre_completo, activo, tipo_contribuyente_id, fecha_creacion, fecha_modificacion) VALUES ('CITIBANK COLOMBIA', TRUE, (SELECT id FROM terceros.tipo_contribuyente WHERE codigo_abreviacion = 'P_JURIDICA'), LOCALTIMESTAMP, LOCALTIMESTAMP) RETURNING id AS user_id ) , ins2 AS ( INSERT INTO terceros.tercero_tipo_tercero(tercero_id, tipo_tercero_id, activo, fecha_creacion, fecha_modificacion) SELECT user_id, 1, TRUE, LOCALTIMESTAMP, LOCALTIMESTAMP FROM ins1 ) INSERT INTO terceros.info_complementaria_tercero (tercero_id, info_complementaria_id, dato, activo, fecha_creacion, fecha_modificacion) SELECT user_id, (SELECT id FROM terceros.info_complementaria WHERE codigo_abreviacion = 'DESCRIPCIÓN'), '{"dato":"Banco Local Colombia"}', TRUE, LOCALTIMESTAMP, LOCALTIMESTAMP FROM ins1;
WITH ins1 AS ( INSERT INTO terceros.tercero(nombre_completo, activo, tipo_contribuyente_id, fecha_creacion, fecha_modificacion) VALUES ('BANCO GNB COLOMBIA S.A.', TRUE, (SELECT id FROM terceros.tipo_contribuyente WHERE codigo_abreviacion = 'P_JURIDICA'), LOCALTIMESTAMP, LOCALTIMESTAMP) RETURNING id AS user_id ) , ins2 AS ( INSERT INTO terceros.tercero_tipo_tercero(tercero_id, tipo_tercero_id, activo, fecha_creacion, fecha_modificacion) SELECT user_id, 1, TRUE, LOCALTIMESTAMP, LOCALTIMESTAMP FROM ins1 ) INSERT INTO terceros.info_complementaria_tercero (tercero_id, info_complementaria_id, dato, activo, fecha_creacion, fecha_modificacion) SELECT user_id, (SELECT id FROM terceros.info_complementaria WHERE codigo_abreviacion = 'DESCRIPCIÓN'), '{"dato":"Banco Local Colombia"}', TRUE, LOCALTIMESTAMP, LOCALTIMESTAMP FROM ins1;
WITH ins1 AS ( INSERT INTO terceros.tercero(nombre_completo, activo, tipo_contribuyente_id, fecha_creacion, fecha_modificacion) VALUES ('BANCO GNB SUDAMERIS COLOMBIA', TRUE, (SELECT id FROM terceros.tipo_contribuyente WHERE codigo_abreviacion = 'P_JURIDICA'), LOCALTIMESTAMP, LOCALTIMESTAMP) RETURNING id AS user_id ) , ins2 AS ( INSERT INTO terceros.tercero_tipo_tercero(tercero_id, tipo_tercero_id, activo, fecha_creacion, fecha_modificacion) SELECT user_id, 1, TRUE, LOCALTIMESTAMP, LOCALTIMESTAMP FROM ins1 ) INSERT INTO terceros.info_complementaria_tercero (tercero_id, info_complementaria_id, dato, activo, fecha_creacion, fecha_modificacion) SELECT user_id, (SELECT id FROM terceros.info_complementaria WHERE codigo_abreviacion = 'DESCRIPCIÓN'), '{"dato":"Banco Local Colombia"}', TRUE, LOCALTIMESTAMP, LOCALTIMESTAMP FROM ins1;
WITH ins1 AS ( INSERT INTO terceros.tercero(nombre_completo, activo, tipo_contribuyente_id, fecha_creacion, fecha_modificacion) VALUES ('BBVA COLOMBIA', TRUE, (SELECT id FROM terceros.tipo_contribuyente WHERE codigo_abreviacion = 'P_JURIDICA'), LOCALTIMESTAMP, LOCALTIMESTAMP) RETURNING id AS user_id ) , ins2 AS ( INSERT INTO terceros.tercero_tipo_tercero(tercero_id, tipo_tercero_id, activo, fecha_creacion, fecha_modificacion) SELECT user_id, 1, TRUE, LOCALTIMESTAMP, LOCALTIMESTAMP FROM ins1 ) INSERT INTO terceros.info_complementaria_tercero (tercero_id, info_complementaria_id, dato, activo, fecha_creacion, fecha_modificacion) SELECT user_id, (SELECT id FROM terceros.info_complementaria WHERE codigo_abreviacion = 'DESCRIPCIÓN'), '{"dato":"Banco Local Colombia"}', TRUE, LOCALTIMESTAMP, LOCALTIMESTAMP FROM ins1;
WITH ins1 AS ( INSERT INTO terceros.tercero(nombre_completo, activo, tipo_contribuyente_id, fecha_creacion, fecha_modificacion) VALUES ('HELM BANK', TRUE, (SELECT id FROM terceros.tipo_contribuyente WHERE codigo_abreviacion = 'P_JURIDICA'), LOCALTIMESTAMP, LOCALTIMESTAMP) RETURNING id AS user_id ) , ins2 AS ( INSERT INTO terceros.tercero_tipo_tercero(tercero_id, tipo_tercero_id, activo, fecha_creacion, fecha_modificacion) SELECT user_id, 1, TRUE, LOCALTIMESTAMP, LOCALTIMESTAMP FROM ins1 ) INSERT INTO terceros.info_complementaria_tercero (tercero_id, info_complementaria_id, dato, activo, fecha_creacion, fecha_modificacion) SELECT user_id, (SELECT id FROM terceros.info_complementaria WHERE codigo_abreviacion = 'DESCRIPCIÓN'), '{"dato":"Banco Local Colombia"}', TRUE, LOCALTIMESTAMP, LOCALTIMESTAMP FROM ins1;
WITH ins1 AS ( INSERT INTO terceros.tercero(nombre_completo, activo, tipo_contribuyente_id, fecha_creacion, fecha_modificacion) VALUES ('RED MULTIBANCA COLPATRIA S.A.', TRUE, (SELECT id FROM terceros.tipo_contribuyente WHERE codigo_abreviacion = 'P_JURIDICA'), LOCALTIMESTAMP, LOCALTIMESTAMP) RETURNING id AS user_id ) , ins2 AS ( INSERT INTO terceros.tercero_tipo_tercero(tercero_id, tipo_tercero_id, activo, fecha_creacion, fecha_modificacion) SELECT user_id, 1, TRUE, LOCALTIMESTAMP, LOCALTIMESTAMP FROM ins1 ) INSERT INTO terceros.info_complementaria_tercero (tercero_id, info_complementaria_id, dato, activo, fecha_creacion, fecha_modificacion) SELECT user_id, (SELECT id FROM terceros.info_complementaria WHERE codigo_abreviacion = 'DESCRIPCIÓN'), '{"dato":"Banco Local Colombia"}', TRUE, LOCALTIMESTAMP, LOCALTIMESTAMP FROM ins1;
WITH ins1 AS ( INSERT INTO terceros.tercero(nombre_completo, activo, tipo_contribuyente_id, fecha_creacion, fecha_modificacion) VALUES ('BANCO DE OCCIDENTE', TRUE, (SELECT id FROM terceros.tipo_contribuyente WHERE codigo_abreviacion = 'P_JURIDICA'), LOCALTIMESTAMP, LOCALTIMESTAMP) RETURNING id AS user_id ) , ins2 AS ( INSERT INTO terceros.tercero_tipo_tercero(tercero_id, tipo_tercero_id, activo, fecha_creacion, fecha_modificacion) SELECT user_id, 1, TRUE, LOCALTIMESTAMP, LOCALTIMESTAMP FROM ins1 ) INSERT INTO terceros.info_complementaria_tercero (tercero_id, info_complementaria_id, dato, activo, fecha_creacion, fecha_modificacion) SELECT user_id, (SELECT id FROM terceros.info_complementaria WHERE codigo_abreviacion = 'DESCRIPCIÓN'), '{"dato":"Banco Local Colombia"}', TRUE, LOCALTIMESTAMP, LOCALTIMESTAMP FROM ins1;
WITH ins1 AS ( INSERT INTO terceros.tercero(nombre_completo, activo, tipo_contribuyente_id, fecha_creacion, fecha_modificacion) VALUES ('BANCO DE COMERCIO EXTERIOR DE COLOMBIA S.A. (BANCOLDEX)', TRUE, (SELECT id FROM terceros.tipo_contribuyente WHERE codigo_abreviacion = 'P_JURIDICA'), LOCALTIMESTAMP, LOCALTIMESTAMP) RETURNING id AS user_id ) , ins2 AS ( INSERT INTO terceros.tercero_tipo_tercero(tercero_id, tipo_tercero_id, activo, fecha_creacion, fecha_modificacion) SELECT user_id, 1, TRUE, LOCALTIMESTAMP, LOCALTIMESTAMP FROM ins1 ) INSERT INTO terceros.info_complementaria_tercero (tercero_id, info_complementaria_id, dato, activo, fecha_creacion, fecha_modificacion) SELECT user_id, (SELECT id FROM terceros.info_complementaria WHERE codigo_abreviacion = 'DESCRIPCIÓN'), '{"dato":"Banco Local Colombia"}', TRUE, LOCALTIMESTAMP, LOCALTIMESTAMP FROM ins1;
WITH ins1 AS ( INSERT INTO terceros.tercero(nombre_completo, activo, tipo_contribuyente_id, fecha_creacion, fecha_modificacion) VALUES ('BANCO CAJA SOCIAL - BCSC S.A.', TRUE, (SELECT id FROM terceros.tipo_contribuyente WHERE codigo_abreviacion = 'P_JURIDICA'), LOCALTIMESTAMP, LOCALTIMESTAMP) RETURNING id AS user_id ) , ins2 AS ( INSERT INTO terceros.tercero_tipo_tercero(tercero_id, tipo_tercero_id, activo, fecha_creacion, fecha_modificacion) SELECT user_id, 1, TRUE, LOCALTIMESTAMP, LOCALTIMESTAMP FROM ins1 ) INSERT INTO terceros.info_complementaria_tercero (tercero_id, info_complementaria_id, dato, activo, fecha_creacion, fecha_modificacion) SELECT user_id, (SELECT id FROM terceros.info_complementaria WHERE codigo_abreviacion = 'DESCRIPCIÓN'), '{"dato":"Banco Local Colombia"}', TRUE, LOCALTIMESTAMP, LOCALTIMESTAMP FROM ins1;
WITH ins1 AS ( INSERT INTO terceros.tercero(nombre_completo, activo, tipo_contribuyente_id, fecha_creacion, fecha_modificacion) VALUES ('BANCO AGRARIO DE COLOMBIA S.A.', TRUE, (SELECT id FROM terceros.tipo_contribuyente WHERE codigo_abreviacion = 'P_JURIDICA'), LOCALTIMESTAMP, LOCALTIMESTAMP) RETURNING id AS user_id ) , ins2 AS ( INSERT INTO terceros.tercero_tipo_tercero(tercero_id, tipo_tercero_id, activo, fecha_creacion, fecha_modificacion) SELECT user_id, 1, TRUE, LOCALTIMESTAMP, LOCALTIMESTAMP FROM ins1 ) INSERT INTO terceros.info_complementaria_tercero (tercero_id, info_complementaria_id, dato, activo, fecha_creacion, fecha_modificacion) SELECT user_id, (SELECT id FROM terceros.info_complementaria WHERE codigo_abreviacion = 'DESCRIPCIÓN'), '{"dato":"Banco Local Colombia"}', TRUE, LOCALTIMESTAMP, LOCALTIMESTAMP FROM ins1;
WITH ins1 AS ( INSERT INTO terceros.tercero(nombre_completo, activo, tipo_contribuyente_id, fecha_creacion, fecha_modificacion) VALUES ('BANCO DAVIVIENDA S.A.', TRUE, (SELECT id FROM terceros.tipo_contribuyente WHERE codigo_abreviacion = 'P_JURIDICA'), LOCALTIMESTAMP, LOCALTIMESTAMP) RETURNING id AS user_id ) , ins2 AS ( INSERT INTO terceros.tercero_tipo_tercero(tercero_id, tipo_tercero_id, activo, fecha_creacion, fecha_modificacion) SELECT user_id, 1, TRUE, LOCALTIMESTAMP, LOCALTIMESTAMP FROM ins1 ) INSERT INTO terceros.info_complementaria_tercero (tercero_id, info_complementaria_id, dato, activo, fecha_creacion, fecha_modificacion) SELECT user_id, (SELECT id FROM terceros.info_complementaria WHERE codigo_abreviacion = 'DESCRIPCIÓN'), '{"dato":"Banco Local Colombia"}', TRUE, LOCALTIMESTAMP, LOCALTIMESTAMP FROM ins1;
WITH ins1 AS ( INSERT INTO terceros.tercero(nombre_completo, activo, tipo_contribuyente_id, fecha_creacion, fecha_modificacion) VALUES ('BANCO AV VILLAS', TRUE, (SELECT id FROM terceros.tipo_contribuyente WHERE codigo_abreviacion = 'P_JURIDICA'), LOCALTIMESTAMP, LOCALTIMESTAMP) RETURNING id AS user_id ) , ins2 AS ( INSERT INTO terceros.tercero_tipo_tercero(tercero_id, tipo_tercero_id, activo, fecha_creacion, fecha_modificacion) SELECT user_id, 1, TRUE, LOCALTIMESTAMP, LOCALTIMESTAMP FROM ins1 ) INSERT INTO terceros.info_complementaria_tercero (tercero_id, info_complementaria_id, dato, activo, fecha_creacion, fecha_modificacion) SELECT user_id, (SELECT id FROM terceros.info_complementaria WHERE codigo_abreviacion = 'DESCRIPCIÓN'), '{"dato":"Banco Local Colombia"}', TRUE, LOCALTIMESTAMP, LOCALTIMESTAMP FROM ins1;
WITH ins1 AS ( INSERT INTO terceros.tercero(nombre_completo, activo, tipo_contribuyente_id, fecha_creacion, fecha_modificacion) VALUES ('BANCO WWB S.A.', TRUE, (SELECT id FROM terceros.tipo_contribuyente WHERE codigo_abreviacion = 'P_JURIDICA'), LOCALTIMESTAMP, LOCALTIMESTAMP) RETURNING id AS user_id ) , ins2 AS ( INSERT INTO terceros.tercero_tipo_tercero(tercero_id, tipo_tercero_id, activo, fecha_creacion, fecha_modificacion) SELECT user_id, 1, TRUE, LOCALTIMESTAMP, LOCALTIMESTAMP FROM ins1 ) INSERT INTO terceros.info_complementaria_tercero (tercero_id, info_complementaria_id, dato, activo, fecha_creacion, fecha_modificacion) SELECT user_id, (SELECT id FROM terceros.info_complementaria WHERE codigo_abreviacion = 'DESCRIPCIÓN'), '{"dato":"Banco Local Colombia"}', TRUE, LOCALTIMESTAMP, LOCALTIMESTAMP FROM ins1;
WITH ins1 AS ( INSERT INTO terceros.tercero(nombre_completo, activo, tipo_contribuyente_id, fecha_creacion, fecha_modificacion) VALUES ('BANCO PROCREDIT', TRUE, (SELECT id FROM terceros.tipo_contribuyente WHERE codigo_abreviacion = 'P_JURIDICA'), LOCALTIMESTAMP, LOCALTIMESTAMP) RETURNING id AS user_id ) , ins2 AS ( INSERT INTO terceros.tercero_tipo_tercero(tercero_id, tipo_tercero_id, activo, fecha_creacion, fecha_modificacion) SELECT user_id, 1, TRUE, LOCALTIMESTAMP, LOCALTIMESTAMP FROM ins1 ) INSERT INTO terceros.info_complementaria_tercero (tercero_id, info_complementaria_id, dato, activo, fecha_creacion, fecha_modificacion) SELECT user_id, (SELECT id FROM terceros.info_complementaria WHERE codigo_abreviacion = 'DESCRIPCIÓN'), '{"dato":"Banco Local Colombia"}', TRUE, LOCALTIMESTAMP, LOCALTIMESTAMP FROM ins1;
WITH ins1 AS ( INSERT INTO terceros.tercero(nombre_completo, activo, tipo_contribuyente_id, fecha_creacion, fecha_modificacion) VALUES ('BANCAMIA', TRUE, (SELECT id FROM terceros.tipo_contribuyente WHERE codigo_abreviacion = 'P_JURIDICA'), LOCALTIMESTAMP, LOCALTIMESTAMP) RETURNING id AS user_id ) , ins2 AS ( INSERT INTO terceros.tercero_tipo_tercero(tercero_id, tipo_tercero_id, activo, fecha_creacion, fecha_modificacion) SELECT user_id, 1, TRUE, LOCALTIMESTAMP, LOCALTIMESTAMP FROM ins1 ) INSERT INTO terceros.info_complementaria_tercero (tercero_id, info_complementaria_id, dato, activo, fecha_creacion, fecha_modificacion) SELECT user_id, (SELECT id FROM terceros.info_complementaria WHERE codigo_abreviacion = 'DESCRIPCIÓN'), '{"dato":"Banco Local Colombia"}', TRUE, LOCALTIMESTAMP, LOCALTIMESTAMP FROM ins1;
WITH ins1 AS ( INSERT INTO terceros.tercero(nombre_completo, activo, tipo_contribuyente_id, fecha_creacion, fecha_modificacion) VALUES ('BANCO PICHINCHA S.A.', TRUE, (SELECT id FROM terceros.tipo_contribuyente WHERE codigo_abreviacion = 'P_JURIDICA'), LOCALTIMESTAMP, LOCALTIMESTAMP) RETURNING id AS user_id ) , ins2 AS ( INSERT INTO terceros.tercero_tipo_tercero(tercero_id, tipo_tercero_id, activo, fecha_creacion, fecha_modificacion) SELECT user_id, 1, TRUE, LOCALTIMESTAMP, LOCALTIMESTAMP FROM ins1 ) INSERT INTO terceros.info_complementaria_tercero (tercero_id, info_complementaria_id, dato, activo, fecha_creacion, fecha_modificacion) SELECT user_id, (SELECT id FROM terceros.info_complementaria WHERE codigo_abreviacion = 'DESCRIPCIÓN'), '{"dato":"Banco Local Colombia"}', TRUE, LOCALTIMESTAMP, LOCALTIMESTAMP FROM ins1;
WITH ins1 AS ( INSERT INTO terceros.tercero(nombre_completo, activo, tipo_contribuyente_id, fecha_creacion, fecha_modificacion) VALUES ('BANCOOMEVA', TRUE, (SELECT id FROM terceros.tipo_contribuyente WHERE codigo_abreviacion = 'P_JURIDICA'), LOCALTIMESTAMP, LOCALTIMESTAMP) RETURNING id AS user_id ) , ins2 AS ( INSERT INTO terceros.tercero_tipo_tercero(tercero_id, tipo_tercero_id, activo, fecha_creacion, fecha_modificacion) SELECT user_id, 1, TRUE, LOCALTIMESTAMP, LOCALTIMESTAMP FROM ins1 ) INSERT INTO terceros.info_complementaria_tercero (tercero_id, info_complementaria_id, dato, activo, fecha_creacion, fecha_modificacion) SELECT user_id, (SELECT id FROM terceros.info_complementaria WHERE codigo_abreviacion = 'DESCRIPCIÓN'), '{"dato":"Banco Local Colombia"}', TRUE, LOCALTIMESTAMP, LOCALTIMESTAMP FROM ins1;
WITH ins1 AS ( INSERT INTO terceros.tercero(nombre_completo, activo, tipo_contribuyente_id, fecha_creacion, fecha_modificacion) VALUES ('BANCO FALABELLA S.A.', TRUE, (SELECT id FROM terceros.tipo_contribuyente WHERE codigo_abreviacion = 'P_JURIDICA'), LOCALTIMESTAMP, LOCALTIMESTAMP) RETURNING id AS user_id ) , ins2 AS ( INSERT INTO terceros.tercero_tipo_tercero(tercero_id, tipo_tercero_id, activo, fecha_creacion, fecha_modificacion) SELECT user_id, 1, TRUE, LOCALTIMESTAMP, LOCALTIMESTAMP FROM ins1 ) INSERT INTO terceros.info_complementaria_tercero (tercero_id, info_complementaria_id, dato, activo, fecha_creacion, fecha_modificacion) SELECT user_id, (SELECT id FROM terceros.info_complementaria WHERE codigo_abreviacion = 'DESCRIPCIÓN'), '{"dato":"Banco Local Colombia"}', TRUE, LOCALTIMESTAMP, LOCALTIMESTAMP FROM ins1;
WITH ins1 AS ( INSERT INTO terceros.tercero(nombre_completo, activo, tipo_contribuyente_id, fecha_creacion, fecha_modificacion) VALUES ('BANCO FINANDINA S.A.', TRUE, (SELECT id FROM terceros.tipo_contribuyente WHERE codigo_abreviacion = 'P_JURIDICA'), LOCALTIMESTAMP, LOCALTIMESTAMP) RETURNING id AS user_id ) , ins2 AS ( INSERT INTO terceros.tercero_tipo_tercero(tercero_id, tipo_tercero_id, activo, fecha_creacion, fecha_modificacion) SELECT user_id, 1, TRUE, LOCALTIMESTAMP, LOCALTIMESTAMP FROM ins1 ) INSERT INTO terceros.info_complementaria_tercero (tercero_id, info_complementaria_id, dato, activo, fecha_creacion, fecha_modificacion) SELECT user_id, (SELECT id FROM terceros.info_complementaria WHERE codigo_abreviacion = 'DESCRIPCIÓN'), '{"dato":"Banco Local Colombia"}', TRUE, LOCALTIMESTAMP, LOCALTIMESTAMP FROM ins1;
WITH ins1 AS ( INSERT INTO terceros.tercero(nombre_completo, activo, tipo_contribuyente_id, fecha_creacion, fecha_modificacion) VALUES ('BANCO SANTANDER DE NEGOCIOS COLOMBIA S.A. - BANCO SANTANDER', TRUE, (SELECT id FROM terceros.tipo_contribuyente WHERE codigo_abreviacion = 'P_JURIDICA'), LOCALTIMESTAMP, LOCALTIMESTAMP) RETURNING id AS user_id ) , ins2 AS ( INSERT INTO terceros.tercero_tipo_tercero(tercero_id, tipo_tercero_id, activo, fecha_creacion, fecha_modificacion) SELECT user_id, 1, TRUE, LOCALTIMESTAMP, LOCALTIMESTAMP FROM ins1 ) INSERT INTO terceros.info_complementaria_tercero (tercero_id, info_complementaria_id, dato, activo, fecha_creacion, fecha_modificacion) SELECT user_id, (SELECT id FROM terceros.info_complementaria WHERE codigo_abreviacion = 'DESCRIPCIÓN'), '{"dato":"Banco Local Colombia"}', TRUE, LOCALTIMESTAMP, LOCALTIMESTAMP FROM ins1;
WITH ins1 AS ( INSERT INTO terceros.tercero(nombre_completo, activo, tipo_contribuyente_id, fecha_creacion, fecha_modificacion) VALUES ('BANCO COOPERATIVO COOPCENTRAL', TRUE, (SELECT id FROM terceros.tipo_contribuyente WHERE codigo_abreviacion = 'P_JURIDICA'), LOCALTIMESTAMP, LOCALTIMESTAMP) RETURNING id AS user_id ) , ins2 AS ( INSERT INTO terceros.tercero_tipo_tercero(tercero_id, tipo_tercero_id, activo, fecha_creacion, fecha_modificacion) SELECT user_id, 1, TRUE, LOCALTIMESTAMP, LOCALTIMESTAMP FROM ins1 ) INSERT INTO terceros.info_complementaria_tercero (tercero_id, info_complementaria_id, dato, activo, fecha_creacion, fecha_modificacion) SELECT user_id, (SELECT id FROM terceros.info_complementaria WHERE codigo_abreviacion = 'DESCRIPCIÓN'), '{"dato":"Banco Local Colombia"}', TRUE, LOCALTIMESTAMP, LOCALTIMESTAMP FROM ins1;
WITH ins1 AS ( INSERT INTO terceros.tercero(nombre_completo, activo, tipo_contribuyente_id, fecha_creacion, fecha_modificacion) VALUES ('WELLS FARGO NA', TRUE, (SELECT id FROM terceros.tipo_contribuyente WHERE codigo_abreviacion = 'P_JURIDICA'), LOCALTIMESTAMP, LOCALTIMESTAMP) RETURNING id AS user_id ) , ins2 AS ( INSERT INTO terceros.tercero_tipo_tercero(tercero_id, tipo_tercero_id, activo, fecha_creacion, fecha_modificacion) SELECT user_id, 1, TRUE, LOCALTIMESTAMP, LOCALTIMESTAMP FROM ins1 ) INSERT INTO terceros.info_complementaria_tercero (tercero_id, info_complementaria_id, dato, activo, fecha_creacion, fecha_modificacion) SELECT user_id, (SELECT id FROM terceros.info_complementaria WHERE codigo_abreviacion = 'DESCRIPCIÓN'), '{"dato":"Banco Extranjero Estados Unidos"}', TRUE, LOCALTIMESTAMP, LOCALTIMESTAMP FROM ins1;
WITH ins1 AS ( INSERT INTO terceros.tercero(nombre_completo, activo, tipo_contribuyente_id, fecha_creacion, fecha_modificacion) VALUES ('CITIBANK NA', TRUE, (SELECT id FROM terceros.tipo_contribuyente WHERE codigo_abreviacion = 'P_JURIDICA'), LOCALTIMESTAMP, LOCALTIMESTAMP) RETURNING id AS user_id ) , ins2 AS ( INSERT INTO terceros.tercero_tipo_tercero(tercero_id, tipo_tercero_id, activo, fecha_creacion, fecha_modificacion) SELECT user_id, 1, TRUE, LOCALTIMESTAMP, LOCALTIMESTAMP FROM ins1 ) INSERT INTO terceros.info_complementaria_tercero (tercero_id, info_complementaria_id, dato, activo, fecha_creacion, fecha_modificacion) SELECT user_id, (SELECT id FROM terceros.info_complementaria WHERE codigo_abreviacion = 'DESCRIPCIÓN'), '{"dato":"Banco Extranjero Argentina"}', TRUE, LOCALTIMESTAMP, LOCALTIMESTAMP FROM ins1;
WITH ins1 AS ( INSERT INTO terceros.tercero(nombre_completo, activo, tipo_contribuyente_id, fecha_creacion, fecha_modificacion) VALUES ('INDUSTRIAL AND COMMERCIAL BANK OF CHINA', TRUE, (SELECT id FROM terceros.tipo_contribuyente WHERE codigo_abreviacion = 'P_JURIDICA'), LOCALTIMESTAMP, LOCALTIMESTAMP) RETURNING id AS user_id ) , ins2 AS ( INSERT INTO terceros.tercero_tipo_tercero(tercero_id, tipo_tercero_id, activo, fecha_creacion, fecha_modificacion) SELECT user_id, 1, TRUE, LOCALTIMESTAMP, LOCALTIMESTAMP FROM ins1 ) INSERT INTO terceros.info_complementaria_tercero (tercero_id, info_complementaria_id, dato, activo, fecha_creacion, fecha_modificacion) SELECT user_id, (SELECT id FROM terceros.info_complementaria WHERE codigo_abreviacion = 'DESCRIPCIÓN'), '{"dato":"Banco Extranjero China"}', TRUE, LOCALTIMESTAMP, LOCALTIMESTAMP FROM ins1;
WITH ins1 AS ( INSERT INTO terceros.tercero(nombre_completo, activo, tipo_contribuyente_id, fecha_creacion, fecha_modificacion) VALUES ('UBS SWITZERLAND AG', TRUE, (SELECT id FROM terceros.tipo_contribuyente WHERE codigo_abreviacion = 'P_JURIDICA'), LOCALTIMESTAMP, LOCALTIMESTAMP) RETURNING id AS user_id ) , ins2 AS ( INSERT INTO terceros.tercero_tipo_tercero(tercero_id, tipo_tercero_id, activo, fecha_creacion, fecha_modificacion) SELECT user_id, 1, TRUE, LOCALTIMESTAMP, LOCALTIMESTAMP FROM ins1 ) INSERT INTO terceros.info_complementaria_tercero (tercero_id, info_complementaria_id, dato, activo, fecha_creacion, fecha_modificacion) SELECT user_id, (SELECT id FROM terceros.info_complementaria WHERE codigo_abreviacion = 'DESCRIPCIÓN'), '{"dato":"Banco Extranjero Suiza"}', TRUE, LOCALTIMESTAMP, LOCALTIMESTAMP FROM ins1;
WITH ins1 AS ( INSERT INTO terceros.tercero(nombre_completo, activo, tipo_contribuyente_id, fecha_creacion, fecha_modificacion) VALUES ('SPARKASSE DUISBURG', TRUE, (SELECT id FROM terceros.tipo_contribuyente WHERE codigo_abreviacion = 'P_JURIDICA'), LOCALTIMESTAMP, LOCALTIMESTAMP) RETURNING id AS user_id ) , ins2 AS ( INSERT INTO terceros.tercero_tipo_tercero(tercero_id, tipo_tercero_id, activo, fecha_creacion, fecha_modificacion) SELECT user_id, 1, TRUE, LOCALTIMESTAMP, LOCALTIMESTAMP FROM ins1 ) INSERT INTO terceros.info_complementaria_tercero (tercero_id, info_complementaria_id, dato, activo, fecha_creacion, fecha_modificacion) SELECT user_id, (SELECT id FROM terceros.info_complementaria WHERE codigo_abreviacion = 'DESCRIPCIÓN'), '{"dato":"Banco Extranjero Alemania"}', TRUE, LOCALTIMESTAMP, LOCALTIMESTAMP FROM ins1;
WITH ins1 AS ( INSERT INTO terceros.tercero(nombre_completo, activo, tipo_contribuyente_id, fecha_creacion, fecha_modificacion) VALUES ('CITIZENS BANK', TRUE, (SELECT id FROM terceros.tipo_contribuyente WHERE codigo_abreviacion = 'P_JURIDICA'), LOCALTIMESTAMP, LOCALTIMESTAMP) RETURNING id AS user_id ) , ins2 AS ( INSERT INTO terceros.tercero_tipo_tercero(tercero_id, tipo_tercero_id, activo, fecha_creacion, fecha_modificacion) SELECT user_id, 1, TRUE, LOCALTIMESTAMP, LOCALTIMESTAMP FROM ins1 ) INSERT INTO terceros.info_complementaria_tercero (tercero_id, info_complementaria_id, dato, activo, fecha_creacion, fecha_modificacion) SELECT user_id, (SELECT id FROM terceros.info_complementaria WHERE codigo_abreviacion = 'DESCRIPCIÓN'), '{"dato":"Banco Extranjero Estados Unidos"}', TRUE, LOCALTIMESTAMP, LOCALTIMESTAMP FROM ins1;
WITH ins1 AS ( INSERT INTO terceros.tercero(nombre_completo, activo, tipo_contribuyente_id, fecha_creacion, fecha_modificacion) VALUES ('TD BANK', TRUE, (SELECT id FROM terceros.tipo_contribuyente WHERE codigo_abreviacion = 'P_JURIDICA'), LOCALTIMESTAMP, LOCALTIMESTAMP) RETURNING id AS user_id ) , ins2 AS ( INSERT INTO terceros.tercero_tipo_tercero(tercero_id, tipo_tercero_id, activo, fecha_creacion, fecha_modificacion) SELECT user_id, 1, TRUE, LOCALTIMESTAMP, LOCALTIMESTAMP FROM ins1 ) INSERT INTO terceros.info_complementaria_tercero (tercero_id, info_complementaria_id, dato, activo, fecha_creacion, fecha_modificacion) SELECT user_id, (SELECT id FROM terceros.info_complementaria WHERE codigo_abreviacion = 'DESCRIPCIÓN'), '{"dato":"Banco Extranjero Estados Unidos"}', TRUE, LOCALTIMESTAMP, LOCALTIMESTAMP FROM ins1;
WITH ins1 AS ( INSERT INTO terceros.tercero(nombre_completo, activo, tipo_contribuyente_id, fecha_creacion, fecha_modificacion) VALUES ('BANCO SANTANDER', TRUE, (SELECT id FROM terceros.tipo_contribuyente WHERE codigo_abreviacion = 'P_JURIDICA'), LOCALTIMESTAMP, LOCALTIMESTAMP) RETURNING id AS user_id ) , ins2 AS ( INSERT INTO terceros.tercero_tipo_tercero(tercero_id, tipo_tercero_id, activo, fecha_creacion, fecha_modificacion) SELECT user_id, 1, TRUE, LOCALTIMESTAMP, LOCALTIMESTAMP FROM ins1 ) INSERT INTO terceros.info_complementaria_tercero (tercero_id, info_complementaria_id, dato, activo, fecha_creacion, fecha_modificacion) SELECT user_id, (SELECT id FROM terceros.info_complementaria WHERE codigo_abreviacion = 'DESCRIPCIÓN'), '{"dato":"Banco Extranjero España"}', TRUE, LOCALTIMESTAMP, LOCALTIMESTAMP FROM ins1;
WITH ins1 AS ( INSERT INTO terceros.tercero(nombre_completo, activo, tipo_contribuyente_id, fecha_creacion, fecha_modificacion) VALUES ('CITIBANK N.A. MUMBAI', TRUE, (SELECT id FROM terceros.tipo_contribuyente WHERE codigo_abreviacion = 'P_JURIDICA'), LOCALTIMESTAMP, LOCALTIMESTAMP) RETURNING id AS user_id ) , ins2 AS ( INSERT INTO terceros.tercero_tipo_tercero(tercero_id, tipo_tercero_id, activo, fecha_creacion, fecha_modificacion) SELECT user_id, 1, TRUE, LOCALTIMESTAMP, LOCALTIMESTAMP FROM ins1 ) INSERT INTO terceros.info_complementaria_tercero (tercero_id, info_complementaria_id, dato, activo, fecha_creacion, fecha_modificacion) SELECT user_id, (SELECT id FROM terceros.info_complementaria WHERE codigo_abreviacion = 'DESCRIPCIÓN'), '{"dato":"Banco Extranjero India"}', TRUE, LOCALTIMESTAMP, LOCALTIMESTAMP FROM ins1;
WITH ins1 AS ( INSERT INTO terceros.tercero(nombre_completo, activo, tipo_contribuyente_id, fecha_creacion, fecha_modificacion) VALUES ('ING BANK', TRUE, (SELECT id FROM terceros.tipo_contribuyente WHERE codigo_abreviacion = 'P_JURIDICA'), LOCALTIMESTAMP, LOCALTIMESTAMP) RETURNING id AS user_id ) , ins2 AS ( INSERT INTO terceros.tercero_tipo_tercero(tercero_id, tipo_tercero_id, activo, fecha_creacion, fecha_modificacion) SELECT user_id, 1, TRUE, LOCALTIMESTAMP, LOCALTIMESTAMP FROM ins1 ) INSERT INTO terceros.info_complementaria_tercero (tercero_id, info_complementaria_id, dato, activo, fecha_creacion, fecha_modificacion) SELECT user_id, (SELECT id FROM terceros.info_complementaria WHERE codigo_abreviacion = 'DESCRIPCIÓN'), '{"dato":"Banco Extranjero Bélgica"}', TRUE, LOCALTIMESTAMP, LOCALTIMESTAMP FROM ins1;
WITH ins1 AS ( INSERT INTO terceros.tercero(nombre_completo, activo, tipo_contribuyente_id, fecha_creacion, fecha_modificacion) VALUES ('MANUFACTURERS AND TRADERS TRUST COMPANY (M&T BANK)', TRUE, (SELECT id FROM terceros.tipo_contribuyente WHERE codigo_abreviacion = 'P_JURIDICA'), LOCALTIMESTAMP, LOCALTIMESTAMP) RETURNING id AS user_id ) , ins2 AS ( INSERT INTO terceros.tercero_tipo_tercero(tercero_id, tipo_tercero_id, activo, fecha_creacion, fecha_modificacion) SELECT user_id, 1, TRUE, LOCALTIMESTAMP, LOCALTIMESTAMP FROM ins1 ) INSERT INTO terceros.info_complementaria_tercero (tercero_id, info_complementaria_id, dato, activo, fecha_creacion, fecha_modificacion) SELECT user_id, (SELECT id FROM terceros.info_complementaria WHERE codigo_abreviacion = 'DESCRIPCIÓN'), '{"dato":"Banco Extranjero Estados Unidos"}', TRUE, LOCALTIMESTAMP, LOCALTIMESTAMP FROM ins1;
WITH ins1 AS ( INSERT INTO terceros.tercero(nombre_completo, activo, tipo_contribuyente_id, fecha_creacion, fecha_modificacion) VALUES ('HDFC BANK', TRUE, (SELECT id FROM terceros.tipo_contribuyente WHERE codigo_abreviacion = 'P_JURIDICA'), LOCALTIMESTAMP, LOCALTIMESTAMP) RETURNING id AS user_id ) , ins2 AS ( INSERT INTO terceros.tercero_tipo_tercero(tercero_id, tipo_tercero_id, activo, fecha_creacion, fecha_modificacion) SELECT user_id, 1, TRUE, LOCALTIMESTAMP, LOCALTIMESTAMP FROM ins1 ) INSERT INTO terceros.info_complementaria_tercero (tercero_id, info_complementaria_id, dato, activo, fecha_creacion, fecha_modificacion) SELECT user_id, (SELECT id FROM terceros.info_complementaria WHERE codigo_abreviacion = 'DESCRIPCIÓN'), '{"dato":"Banco Extranjero India"}', TRUE, LOCALTIMESTAMP, LOCALTIMESTAMP FROM ins1;
WITH ins1 AS ( INSERT INTO terceros.tercero(nombre_completo, activo, tipo_contribuyente_id, fecha_creacion, fecha_modificacion) VALUES ('VOLKSBANK PADERBORN HÖXTER DETMOLD', TRUE, (SELECT id FROM terceros.tipo_contribuyente WHERE codigo_abreviacion = 'P_JURIDICA'), LOCALTIMESTAMP, LOCALTIMESTAMP) RETURNING id AS user_id ) , ins2 AS ( INSERT INTO terceros.tercero_tipo_tercero(tercero_id, tipo_tercero_id, activo, fecha_creacion, fecha_modificacion) SELECT user_id, 1, TRUE, LOCALTIMESTAMP, LOCALTIMESTAMP FROM ins1 ) INSERT INTO terceros.info_complementaria_tercero (tercero_id, info_complementaria_id, dato, activo, fecha_creacion, fecha_modificacion) SELECT user_id, (SELECT id FROM terceros.info_complementaria WHERE codigo_abreviacion = 'DESCRIPCIÓN'), '{"dato":"Banco Extranjero Alemania"}', TRUE, LOCALTIMESTAMP, LOCALTIMESTAMP FROM ins1;
WITH ins1 AS ( INSERT INTO terceros.tercero(nombre_completo, activo, tipo_contribuyente_id, fecha_creacion, fecha_modificacion) VALUES ('BMO HARRIS BANK N.A.', TRUE, (SELECT id FROM terceros.tipo_contribuyente WHERE codigo_abreviacion = 'P_JURIDICA'), LOCALTIMESTAMP, LOCALTIMESTAMP) RETURNING id AS user_id ) , ins2 AS ( INSERT INTO terceros.tercero_tipo_tercero(tercero_id, tipo_tercero_id, activo, fecha_creacion, fecha_modificacion) SELECT user_id, 1, TRUE, LOCALTIMESTAMP, LOCALTIMESTAMP FROM ins1 ) INSERT INTO terceros.info_complementaria_tercero (tercero_id, info_complementaria_id, dato, activo, fecha_creacion, fecha_modificacion) SELECT user_id, (SELECT id FROM terceros.info_complementaria WHERE codigo_abreviacion = 'DESCRIPCIÓN'), '{"dato":"Banco Extranjero Canada"}', TRUE, LOCALTIMESTAMP, LOCALTIMESTAMP FROM ins1;
WITH ins1 AS ( INSERT INTO terceros.tercero(nombre_completo, activo, tipo_contribuyente_id, fecha_creacion, fecha_modificacion) VALUES ('JP MORGAN CHASE N.A.', TRUE, (SELECT id FROM terceros.tipo_contribuyente WHERE codigo_abreviacion = 'P_JURIDICA'), LOCALTIMESTAMP, LOCALTIMESTAMP) RETURNING id AS user_id ) , ins2 AS ( INSERT INTO terceros.tercero_tipo_tercero(tercero_id, tipo_tercero_id, activo, fecha_creacion, fecha_modificacion) SELECT user_id, 1, TRUE, LOCALTIMESTAMP, LOCALTIMESTAMP FROM ins1 ) INSERT INTO terceros.info_complementaria_tercero (tercero_id, info_complementaria_id, dato, activo, fecha_creacion, fecha_modificacion) SELECT user_id, (SELECT id FROM terceros.info_complementaria WHERE codigo_abreviacion = 'DESCRIPCIÓN'), '{"dato":"Banco Extranjero Estados Unidos"}', TRUE, LOCALTIMESTAMP, LOCALTIMESTAMP FROM ins1;
WITH ins1 AS ( INSERT INTO terceros.tercero(nombre_completo, activo, tipo_contribuyente_id, fecha_creacion, fecha_modificacion) VALUES ('BANK OF AMERICA', TRUE, (SELECT id FROM terceros.tipo_contribuyente WHERE codigo_abreviacion = 'P_JURIDICA'), LOCALTIMESTAMP, LOCALTIMESTAMP) RETURNING id AS user_id ) , ins2 AS ( INSERT INTO terceros.tercero_tipo_tercero(tercero_id, tipo_tercero_id, activo, fecha_creacion, fecha_modificacion) SELECT user_id, 1, TRUE, LOCALTIMESTAMP, LOCALTIMESTAMP FROM ins1 ) INSERT INTO terceros.info_complementaria_tercero (tercero_id, info_complementaria_id, dato, activo, fecha_creacion, fecha_modificacion) SELECT user_id, (SELECT id FROM terceros.info_complementaria WHERE codigo_abreviacion = 'DESCRIPCIÓN'), '{"dato":"Banco Extranjero Estados Unidos"}', TRUE, LOCALTIMESTAMP, LOCALTIMESTAMP FROM ins1;
WITH ins1 AS ( INSERT INTO terceros.tercero(nombre_completo, activo, tipo_contribuyente_id, fecha_creacion, fecha_modificacion) VALUES ('BANCO HSBC BANK USA', TRUE, (SELECT id FROM terceros.tipo_contribuyente WHERE codigo_abreviacion = 'P_JURIDICA'), LOCALTIMESTAMP, LOCALTIMESTAMP) RETURNING id AS user_id ) , ins2 AS ( INSERT INTO terceros.tercero_tipo_tercero(tercero_id, tipo_tercero_id, activo, fecha_creacion, fecha_modificacion) SELECT user_id, 1, TRUE, LOCALTIMESTAMP, LOCALTIMESTAMP FROM ins1 ) INSERT INTO terceros.info_complementaria_tercero (tercero_id, info_complementaria_id, dato, activo, fecha_creacion, fecha_modificacion) SELECT user_id, (SELECT id FROM terceros.info_complementaria WHERE codigo_abreviacion = 'DESCRIPCIÓN'), '{"dato":"Banco Extranjero Estados Unidos"}', TRUE, LOCALTIMESTAMP, LOCALTIMESTAMP FROM ins1;
WITH ins1 AS ( INSERT INTO terceros.tercero(nombre_completo, activo, tipo_contribuyente_id, fecha_creacion, fecha_modificacion) VALUES ('TOWN BANK', TRUE, (SELECT id FROM terceros.tipo_contribuyente WHERE codigo_abreviacion = 'P_JURIDICA'), LOCALTIMESTAMP, LOCALTIMESTAMP) RETURNING id AS user_id ) , ins2 AS ( INSERT INTO terceros.tercero_tipo_tercero(tercero_id, tipo_tercero_id, activo, fecha_creacion, fecha_modificacion) SELECT user_id, 1, TRUE, LOCALTIMESTAMP, LOCALTIMESTAMP FROM ins1 ) INSERT INTO terceros.info_complementaria_tercero (tercero_id, info_complementaria_id, dato, activo, fecha_creacion, fecha_modificacion) SELECT user_id, (SELECT id FROM terceros.info_complementaria WHERE codigo_abreviacion = 'DESCRIPCIÓN'), '{"dato":"Banco Extranjero Estados Unidos"}', TRUE, LOCALTIMESTAMP, LOCALTIMESTAMP FROM ins1;
WITH ins1 AS ( INSERT INTO terceros.tercero(nombre_completo, activo, tipo_contribuyente_id, fecha_creacion, fecha_modificacion) VALUES ('US BANK MADISON  NA', TRUE, (SELECT id FROM terceros.tipo_contribuyente WHERE codigo_abreviacion = 'P_JURIDICA'), LOCALTIMESTAMP, LOCALTIMESTAMP) RETURNING id AS user_id ) , ins2 AS ( INSERT INTO terceros.tercero_tipo_tercero(tercero_id, tipo_tercero_id, activo, fecha_creacion, fecha_modificacion) SELECT user_id, 1, TRUE, LOCALTIMESTAMP, LOCALTIMESTAMP FROM ins1 ) INSERT INTO terceros.info_complementaria_tercero (tercero_id, info_complementaria_id, dato, activo, fecha_creacion, fecha_modificacion) SELECT user_id, (SELECT id FROM terceros.info_complementaria WHERE codigo_abreviacion = 'DESCRIPCIÓN'), '{"dato":"Banco Extranjero Estados Unidos"}', TRUE, LOCALTIMESTAMP, LOCALTIMESTAMP FROM ins1;
WITH ins1 AS ( INSERT INTO terceros.tercero(nombre_completo, activo, tipo_contribuyente_id, fecha_creacion, fecha_modificacion) VALUES ('BMO BANK OF MONTREAL', TRUE, (SELECT id FROM terceros.tipo_contribuyente WHERE codigo_abreviacion = 'P_JURIDICA'), LOCALTIMESTAMP, LOCALTIMESTAMP) RETURNING id AS user_id ) , ins2 AS ( INSERT INTO terceros.tercero_tipo_tercero(tercero_id, tipo_tercero_id, activo, fecha_creacion, fecha_modificacion) SELECT user_id, 1, TRUE, LOCALTIMESTAMP, LOCALTIMESTAMP FROM ins1 ) INSERT INTO terceros.info_complementaria_tercero (tercero_id, info_complementaria_id, dato, activo, fecha_creacion, fecha_modificacion) SELECT user_id, (SELECT id FROM terceros.info_complementaria WHERE codigo_abreviacion = 'DESCRIPCIÓN'), '{"dato":"Banco Extranjero Canada"}', TRUE, LOCALTIMESTAMP, LOCALTIMESTAMP FROM ins1;
WITH ins1 AS ( INSERT INTO terceros.tercero(nombre_completo, activo, tipo_contribuyente_id, fecha_creacion, fecha_modificacion) VALUES ('BCP', TRUE, (SELECT id FROM terceros.tipo_contribuyente WHERE codigo_abreviacion = 'P_JURIDICA'), LOCALTIMESTAMP, LOCALTIMESTAMP) RETURNING id AS user_id ) , ins2 AS ( INSERT INTO terceros.tercero_tipo_tercero(tercero_id, tipo_tercero_id, activo, fecha_creacion, fecha_modificacion) SELECT user_id, 1, TRUE, LOCALTIMESTAMP, LOCALTIMESTAMP FROM ins1 ) INSERT INTO terceros.info_complementaria_tercero (tercero_id, info_complementaria_id, dato, activo, fecha_creacion, fecha_modificacion) SELECT user_id, (SELECT id FROM terceros.info_complementaria WHERE codigo_abreviacion = 'DESCRIPCIÓN'), '{"dato":"Banco Extranjero Portugal"}', TRUE, LOCALTIMESTAMP, LOCALTIMESTAMP FROM ins1;
WITH ins1 AS ( INSERT INTO terceros.tercero(nombre_completo, activo, tipo_contribuyente_id, fecha_creacion, fecha_modificacion) VALUES ('ROYAL BANK OF SCOTLAND', TRUE, (SELECT id FROM terceros.tipo_contribuyente WHERE codigo_abreviacion = 'P_JURIDICA'), LOCALTIMESTAMP, LOCALTIMESTAMP) RETURNING id AS user_id ) , ins2 AS ( INSERT INTO terceros.tercero_tipo_tercero(tercero_id, tipo_tercero_id, activo, fecha_creacion, fecha_modificacion) SELECT user_id, 1, TRUE, LOCALTIMESTAMP, LOCALTIMESTAMP FROM ins1 ) INSERT INTO terceros.info_complementaria_tercero (tercero_id, info_complementaria_id, dato, activo, fecha_creacion, fecha_modificacion) SELECT user_id, (SELECT id FROM terceros.info_complementaria WHERE codigo_abreviacion = 'DESCRIPCIÓN'), '{"dato":"Banco Extranjero Dinamarca"}', TRUE, LOCALTIMESTAMP, LOCALTIMESTAMP FROM ins1;
WITH ins1 AS ( INSERT INTO terceros.tercero(nombre_completo, activo, tipo_contribuyente_id, fecha_creacion, fecha_modificacion) VALUES ('SUNTRUST INC BANK', TRUE, (SELECT id FROM terceros.tipo_contribuyente WHERE codigo_abreviacion = 'P_JURIDICA'), LOCALTIMESTAMP, LOCALTIMESTAMP) RETURNING id AS user_id ) , ins2 AS ( INSERT INTO terceros.tercero_tipo_tercero(tercero_id, tipo_tercero_id, activo, fecha_creacion, fecha_modificacion) SELECT user_id, 1, TRUE, LOCALTIMESTAMP, LOCALTIMESTAMP FROM ins1 ) INSERT INTO terceros.info_complementaria_tercero (tercero_id, info_complementaria_id, dato, activo, fecha_creacion, fecha_modificacion) SELECT user_id, (SELECT id FROM terceros.info_complementaria WHERE codigo_abreviacion = 'DESCRIPCIÓN'), '{"dato":"Banco Extranjero Estados Unidos"}', TRUE, LOCALTIMESTAMP, LOCALTIMESTAMP FROM ins1;
WITH ins1 AS ( INSERT INTO terceros.tercero(nombre_completo, activo, tipo_contribuyente_id, fecha_creacion, fecha_modificacion) VALUES ('BANCO HSBC', TRUE, (SELECT id FROM terceros.tipo_contribuyente WHERE codigo_abreviacion = 'P_JURIDICA'), LOCALTIMESTAMP, LOCALTIMESTAMP) RETURNING id AS user_id ) , ins2 AS ( INSERT INTO terceros.tercero_tipo_tercero(tercero_id, tipo_tercero_id, activo, fecha_creacion, fecha_modificacion) SELECT user_id, 1, TRUE, LOCALTIMESTAMP, LOCALTIMESTAMP FROM ins1 ) INSERT INTO terceros.info_complementaria_tercero (tercero_id, info_complementaria_id, dato, activo, fecha_creacion, fecha_modificacion) SELECT user_id, (SELECT id FROM terceros.info_complementaria WHERE codigo_abreviacion = 'DESCRIPCIÓN'), '{"dato":"Banco Extranjero Mexico"}', TRUE, LOCALTIMESTAMP, LOCALTIMESTAMP FROM ins1;
WITH ins1 AS ( INSERT INTO terceros.tercero(nombre_completo, activo, tipo_contribuyente_id, fecha_creacion, fecha_modificacion) VALUES ('BANCO MERCANTIL SANTA CRUZ S.A', TRUE, (SELECT id FROM terceros.tipo_contribuyente WHERE codigo_abreviacion = 'P_JURIDICA'), LOCALTIMESTAMP, LOCALTIMESTAMP) RETURNING id AS user_id ) , ins2 AS ( INSERT INTO terceros.tercero_tipo_tercero(tercero_id, tipo_tercero_id, activo, fecha_creacion, fecha_modificacion) SELECT user_id, 1, TRUE, LOCALTIMESTAMP, LOCALTIMESTAMP FROM ins1 ) INSERT INTO terceros.info_complementaria_tercero (tercero_id, info_complementaria_id, dato, activo, fecha_creacion, fecha_modificacion) SELECT user_id, (SELECT id FROM terceros.info_complementaria WHERE codigo_abreviacion = 'DESCRIPCIÓN'), '{"dato":"Banco Extranjero Bolivia"}', TRUE, LOCALTIMESTAMP, LOCALTIMESTAMP FROM ins1;
WITH ins1 AS ( INSERT INTO terceros.tercero(nombre_completo, activo, tipo_contribuyente_id, fecha_creacion, fecha_modificacion) VALUES ('BARCALAYS TOULOUSE', TRUE, (SELECT id FROM terceros.tipo_contribuyente WHERE codigo_abreviacion = 'P_JURIDICA'), LOCALTIMESTAMP, LOCALTIMESTAMP) RETURNING id AS user_id ) , ins2 AS ( INSERT INTO terceros.tercero_tipo_tercero(tercero_id, tipo_tercero_id, activo, fecha_creacion, fecha_modificacion) SELECT user_id, 1, TRUE, LOCALTIMESTAMP, LOCALTIMESTAMP FROM ins1 ) INSERT INTO terceros.info_complementaria_tercero (tercero_id, info_complementaria_id, dato, activo, fecha_creacion, fecha_modificacion) SELECT user_id, (SELECT id FROM terceros.info_complementaria WHERE codigo_abreviacion = 'DESCRIPCIÓN'), '{"dato":"Banco Extranjero Francia"}', TRUE, LOCALTIMESTAMP, LOCALTIMESTAMP FROM ins1;
WITH ins1 AS ( INSERT INTO terceros.tercero(nombre_completo, activo, tipo_contribuyente_id, fecha_creacion, fecha_modificacion) VALUES ('DANSKE BANK', TRUE, (SELECT id FROM terceros.tipo_contribuyente WHERE codigo_abreviacion = 'P_JURIDICA'), LOCALTIMESTAMP, LOCALTIMESTAMP) RETURNING id AS user_id ) , ins2 AS ( INSERT INTO terceros.tercero_tipo_tercero(tercero_id, tipo_tercero_id, activo, fecha_creacion, fecha_modificacion) SELECT user_id, 1, TRUE, LOCALTIMESTAMP, LOCALTIMESTAMP FROM ins1 ) INSERT INTO terceros.info_complementaria_tercero (tercero_id, info_complementaria_id, dato, activo, fecha_creacion, fecha_modificacion) SELECT user_id, (SELECT id FROM terceros.info_complementaria WHERE codigo_abreviacion = 'DESCRIPCIÓN'), '{"dato":"Banco Extranjero Dinamarca"}', TRUE, LOCALTIMESTAMP, LOCALTIMESTAMP FROM ins1;
WITH ins1 AS ( INSERT INTO terceros.tercero(nombre_completo, activo, tipo_contribuyente_id, fecha_creacion, fecha_modificacion) VALUES ('NORTHERN STATE BANK', TRUE, (SELECT id FROM terceros.tipo_contribuyente WHERE codigo_abreviacion = 'P_JURIDICA'), LOCALTIMESTAMP, LOCALTIMESTAMP) RETURNING id AS user_id ) , ins2 AS ( INSERT INTO terceros.tercero_tipo_tercero(tercero_id, tipo_tercero_id, activo, fecha_creacion, fecha_modificacion) SELECT user_id, 1, TRUE, LOCALTIMESTAMP, LOCALTIMESTAMP FROM ins1 ) INSERT INTO terceros.info_complementaria_tercero (tercero_id, info_complementaria_id, dato, activo, fecha_creacion, fecha_modificacion) SELECT user_id, (SELECT id FROM terceros.info_complementaria WHERE codigo_abreviacion = 'DESCRIPCIÓN'), '{"dato":"Banco Extranjero Estados Unidos"}', TRUE, LOCALTIMESTAMP, LOCALTIMESTAMP FROM ins1;
WITH ins1 AS ( INSERT INTO terceros.tercero(nombre_completo, activo, tipo_contribuyente_id, fecha_creacion, fecha_modificacion) VALUES ('CAPITAL ONE BANK', TRUE, (SELECT id FROM terceros.tipo_contribuyente WHERE codigo_abreviacion = 'P_JURIDICA'), LOCALTIMESTAMP, LOCALTIMESTAMP) RETURNING id AS user_id ) , ins2 AS ( INSERT INTO terceros.tercero_tipo_tercero(tercero_id, tipo_tercero_id, activo, fecha_creacion, fecha_modificacion) SELECT user_id, 1, TRUE, LOCALTIMESTAMP, LOCALTIMESTAMP FROM ins1 ) INSERT INTO terceros.info_complementaria_tercero (tercero_id, info_complementaria_id, dato, activo, fecha_creacion, fecha_modificacion) SELECT user_id, (SELECT id FROM terceros.info_complementaria WHERE codigo_abreviacion = 'DESCRIPCIÓN'), '{"dato":"Banco Extranjero Estados Unidos"}', TRUE, LOCALTIMESTAMP, LOCALTIMESTAMP FROM ins1;
WITH ins1 AS ( INSERT INTO terceros.tercero(nombre_completo, activo, tipo_contribuyente_id, fecha_creacion, fecha_modificacion) VALUES ('Cathay bank', TRUE, (SELECT id FROM terceros.tipo_contribuyente WHERE codigo_abreviacion = 'P_JURIDICA'), LOCALTIMESTAMP, LOCALTIMESTAMP) RETURNING id AS user_id ) , ins2 AS ( INSERT INTO terceros.tercero_tipo_tercero(tercero_id, tipo_tercero_id, activo, fecha_creacion, fecha_modificacion) SELECT user_id, 1, TRUE, LOCALTIMESTAMP, LOCALTIMESTAMP FROM ins1 ) INSERT INTO terceros.info_complementaria_tercero (tercero_id, info_complementaria_id, dato, activo, fecha_creacion, fecha_modificacion) SELECT user_id, (SELECT id FROM terceros.info_complementaria WHERE codigo_abreviacion = 'DESCRIPCIÓN'), '{"dato":"Banco Extranjero Estados Unidos"}', TRUE, LOCALTIMESTAMP, LOCALTIMESTAMP FROM ins1;
WITH ins1 AS ( INSERT INTO terceros.tercero(nombre_completo, activo, tipo_contribuyente_id, fecha_creacion, fecha_modificacion) VALUES ('CAIXA BANK', TRUE, (SELECT id FROM terceros.tipo_contribuyente WHERE codigo_abreviacion = 'P_JURIDICA'), LOCALTIMESTAMP, LOCALTIMESTAMP) RETURNING id AS user_id ) , ins2 AS ( INSERT INTO terceros.tercero_tipo_tercero(tercero_id, tipo_tercero_id, activo, fecha_creacion, fecha_modificacion) SELECT user_id, 1, TRUE, LOCALTIMESTAMP, LOCALTIMESTAMP FROM ins1 ) INSERT INTO terceros.info_complementaria_tercero (tercero_id, info_complementaria_id, dato, activo, fecha_creacion, fecha_modificacion) SELECT user_id, (SELECT id FROM terceros.info_complementaria WHERE codigo_abreviacion = 'DESCRIPCIÓN'), '{"dato":"Banco Extranjero ESpaña"}', TRUE, LOCALTIMESTAMP, LOCALTIMESTAMP FROM ins1;
WITH ins1 AS ( INSERT INTO terceros.tercero(nombre_completo, activo, tipo_contribuyente_id, fecha_creacion, fecha_modificacion) VALUES ('CONFIAR COOPERATIVA FINANCIERA', TRUE, (SELECT id FROM terceros.tipo_contribuyente WHERE codigo_abreviacion = 'P_JURIDICA'), LOCALTIMESTAMP, LOCALTIMESTAMP) RETURNING id AS user_id ) , ins2 AS ( INSERT INTO terceros.tercero_tipo_tercero(tercero_id, tipo_tercero_id, activo, fecha_creacion, fecha_modificacion) SELECT user_id, 1, TRUE, LOCALTIMESTAMP, LOCALTIMESTAMP FROM ins1 ) INSERT INTO terceros.info_complementaria_tercero (tercero_id, info_complementaria_id, dato, activo, fecha_creacion, fecha_modificacion) SELECT user_id, (SELECT id FROM terceros.info_complementaria WHERE codigo_abreviacion = 'DESCRIPCIÓN'), '{"dato":"Entidad Financiera Local Colombia"}', TRUE, LOCALTIMESTAMP, LOCALTIMESTAMP FROM ins1;

INSERT INTO terceros.info_complementaria (nombre, codigo_abreviacion, activo, grupo_info_complementaria_id, fecha_creacion, fecha_modificacion) VALUES ('ESTRATO_RESPONSABLE', 'ESTRATO_RESPONSABLE', TRUE, 9, LOCALTIMESTAMP, LOCALTIMESTAMP);


-Ejemplo

WITH ins1 AS (
   INSERT INTO terceros.tercero(nombre_completo, activo, tipo_contribuyente_id, fecha_creacion, fecha_modificacion)
   VALUES ('BANCO DE LA REPÚBLICA', TRUE, (SELECT id FROM terceros.tipo_contribuyente WHERE codigo_abreviacion = 'P_JURIDICA'), LOCALTIMESTAMP, LOCALTIMESTAMP)
   RETURNING id AS user_id
   )
, ins2 AS (
   INSERT INTO terceros.tercero_tipo_tercero(tercero_id, tipo_tercero_id, activo, fecha_creacion, fecha_modificacion)
   SELECT user_id, 1, TRUE, LOCALTIMESTAMP, LOCALTIMESTAMP FROM ins1
   )
INSERT INTO terceros.info_complementaria_tercero (tercero_id, info_complementaria_id, dato, activo, fecha_creacion, fecha_modificacion)
SELECT user_id, (SELECT id FROM terceros.info_complementaria WHERE codigo_abreviacion = 'DESCRIPCIÓN'), '{"dato":"Banco Local Colombia"}', TRUE, LOCALTIMESTAMP, LOCALTIMESTAMP FROM ins1;

- 2D

- Sara >> Core >> imfo_entidad, parametro_entidad


WITH ins1 AS ( INSERT INTO terceros.tercero(nombre_completo, activo, tipo_contribuyente_id, fecha_creacion, fecha_modificacion) VALUES ('EPS Sura', TRUE, (SELECT id FROM terceros.tipo_contribuyente WHERE codigo_abreviacion = 'P_JURIDICA'), LOCALTIMESTAMP, LOCALTIMESTAMP) RETURNING id AS user_id ) , ins2 AS ( INSERT INTO terceros.tercero_tipo_tercero(tercero_id, tipo_tercero_id, activo, fecha_creacion, fecha_modificacion) SELECT user_id, (SELECT id FROM terceros.tipo_tercero WHERE codigo_abreviacion = 'EPS'), TRUE, LOCALTIMESTAMP, LOCALTIMESTAMP FROM ins1 ) , ins3 AS ( INSERT INTO terceros.info_complementaria_tercero(tercero_id, info_complementaria_id, dato, activo, fecha_creacion, fecha_modificacion) SELECT user_id, (SELECT id FROM terceros.info_complementaria WHERE codigo_abreviacion = 'DIRECCIÓN'), '{"dato":"Calle 140 # 30 - 25"}', TRUE, LOCALTIMESTAMP, LOCALTIMESTAMP FROM ins1 ) , ins4 AS ( INSERT INTO terceros.info_complementaria_tercero(tercero_id, info_complementaria_id, dato, activo, fecha_creacion, fecha_modificacion) SELECT user_id, (SELECT id FROM terceros.info_complementaria WHERE codigo_abreviacion = 'TELEFONO'), '{"dato":"4758693"}', TRUE, LOCALTIMESTAMP, LOCALTIMESTAMP FROM ins1 ) INSERT INTO terceros.datos_identificacion (tipo_documento_id, tercero_id, numero, activo, fecha_creacion, fecha_modificacion) SELECT (SELECT id FROM terceros.tipo_documento WHERE codigo_abreviacion = 'NIT'), user_id, '800088702', TRUE, LOCALTIMESTAMP, LOCALTIMESTAMP FROM ins1;
WITH ins1 AS ( INSERT INTO terceros.tercero(nombre_completo, activo, tipo_contribuyente_id, fecha_creacion, fecha_modificacion) VALUES ('Salud Total EPS', TRUE, (SELECT id FROM terceros.tipo_contribuyente WHERE codigo_abreviacion = 'P_JURIDICA'), LOCALTIMESTAMP, LOCALTIMESTAMP) RETURNING id AS user_id ) , ins2 AS ( INSERT INTO terceros.tercero_tipo_tercero(tercero_id, tipo_tercero_id, activo, fecha_creacion, fecha_modificacion) SELECT user_id, (SELECT id FROM terceros.tipo_tercero WHERE codigo_abreviacion = 'EPS'), TRUE, LOCALTIMESTAMP, LOCALTIMESTAMP FROM ins1 ) , ins3 AS ( INSERT INTO terceros.info_complementaria_tercero(tercero_id, info_complementaria_id, dato, activo, fecha_creacion, fecha_modificacion) SELECT user_id, (SELECT id FROM terceros.info_complementaria WHERE codigo_abreviacion = 'DIRECCIÓN'), '{"dato":"Calle"}', TRUE, LOCALTIMESTAMP, LOCALTIMESTAMP FROM ins1 ) , ins4 AS ( INSERT INTO terceros.info_complementaria_tercero(tercero_id, info_complementaria_id, dato, activo, fecha_creacion, fecha_modificacion) SELECT user_id, (SELECT id FROM terceros.info_complementaria WHERE codigo_abreviacion = 'TELEFONO'), '{"dato":"6850737"}', TRUE, LOCALTIMESTAMP, LOCALTIMESTAMP FROM ins1 ) INSERT INTO terceros.datos_identificacion (tipo_documento_id, tercero_id, numero, activo, fecha_creacion, fecha_modificacion) SELECT (SELECT id FROM terceros.tipo_documento WHERE codigo_abreviacion = 'NIT'), user_id, '800130907', TRUE, LOCALTIMESTAMP, LOCALTIMESTAMP FROM ins1;
WITH ins1 AS ( INSERT INTO terceros.tercero(nombre_completo, activo, tipo_contribuyente_id, fecha_creacion, fecha_modificacion) VALUES ('Cafesalud EPS', TRUE, (SELECT id FROM terceros.tipo_contribuyente WHERE codigo_abreviacion = 'P_JURIDICA'), LOCALTIMESTAMP, LOCALTIMESTAMP) RETURNING id AS user_id ) , ins2 AS ( INSERT INTO terceros.tercero_tipo_tercero(tercero_id, tipo_tercero_id, activo, fecha_creacion, fecha_modificacion) SELECT user_id, (SELECT id FROM terceros.tipo_tercero WHERE codigo_abreviacion = 'EPS'), TRUE, LOCALTIMESTAMP, LOCALTIMESTAMP FROM ins1 ) , ins3 AS ( INSERT INTO terceros.info_complementaria_tercero(tercero_id, info_complementaria_id, dato, activo, fecha_creacion, fecha_modificacion) SELECT user_id, (SELECT id FROM terceros.info_complementaria WHERE codigo_abreviacion = 'DIRECCIÓN'), '{"dato":"Calle 110 # 28 - 25"}', TRUE, LOCALTIMESTAMP, LOCALTIMESTAMP FROM ins1 ) , ins4 AS ( INSERT INTO terceros.info_complementaria_tercero(tercero_id, info_complementaria_id, dato, activo, fecha_creacion, fecha_modificacion) SELECT user_id, (SELECT id FROM terceros.info_complementaria WHERE codigo_abreviacion = 'TELEFONO'), '{"dato":"6584123"}', TRUE, LOCALTIMESTAMP, LOCALTIMESTAMP FROM ins1 ) INSERT INTO terceros.datos_identificacion (tipo_documento_id, tercero_id, numero, activo, fecha_creacion, fecha_modificacion) SELECT (SELECT id FROM terceros.tipo_documento WHERE codigo_abreviacion = 'NIT'), user_id, '800140949', TRUE, LOCALTIMESTAMP, LOCALTIMESTAMP FROM ins1;
WITH ins1 AS ( INSERT INTO terceros.tercero(nombre_completo, activo, tipo_contribuyente_id, fecha_creacion, fecha_modificacion) VALUES ('Colfondos', TRUE, (SELECT id FROM terceros.tipo_contribuyente WHERE codigo_abreviacion = 'P_JURIDICA'), LOCALTIMESTAMP, LOCALTIMESTAMP) RETURNING id AS user_id ) , ins2 AS ( INSERT INTO terceros.tercero_tipo_tercero(tercero_id, tipo_tercero_id, activo, fecha_creacion, fecha_modificacion) SELECT user_id, (SELECT id FROM terceros.tipo_tercero WHERE codigo_abreviacion = 'F_PENSION'), TRUE, LOCALTIMESTAMP, LOCALTIMESTAMP FROM ins1 ) , ins3 AS ( INSERT INTO terceros.info_complementaria_tercero(tercero_id, info_complementaria_id, dato, activo, fecha_creacion, fecha_modificacion) SELECT user_id, (SELECT id FROM terceros.info_complementaria WHERE codigo_abreviacion = 'DIRECCIÓN'), '{"dato":"Calle 180 # 25 - 56"}', TRUE, LOCALTIMESTAMP, LOCALTIMESTAMP FROM ins1 ) , ins4 AS ( INSERT INTO terceros.info_complementaria_tercero(tercero_id, info_complementaria_id, dato, activo, fecha_creacion, fecha_modificacion) SELECT user_id, (SELECT id FROM terceros.info_complementaria WHERE codigo_abreviacion = 'TELEFONO'), '{"dato":"5465468"}', TRUE, LOCALTIMESTAMP, LOCALTIMESTAMP FROM ins1 ) INSERT INTO terceros.datos_identificacion (tipo_documento_id, tercero_id, numero, activo, fecha_creacion, fecha_modificacion) SELECT (SELECT id FROM terceros.tipo_documento WHERE codigo_abreviacion = 'NIT'), user_id, '800227940', TRUE, LOCALTIMESTAMP, LOCALTIMESTAMP FROM ins1;
WITH ins1 AS ( INSERT INTO terceros.tercero(nombre_completo, activo, tipo_contribuyente_id, fecha_creacion, fecha_modificacion) VALUES ('SaludCoop EPS', TRUE, (SELECT id FROM terceros.tipo_contribuyente WHERE codigo_abreviacion = 'P_JURIDICA'), LOCALTIMESTAMP, LOCALTIMESTAMP) RETURNING id AS user_id ) , ins2 AS ( INSERT INTO terceros.tercero_tipo_tercero(tercero_id, tipo_tercero_id, activo, fecha_creacion, fecha_modificacion) SELECT user_id, (SELECT id FROM terceros.tipo_tercero WHERE codigo_abreviacion = 'EPS'), TRUE, LOCALTIMESTAMP, LOCALTIMESTAMP FROM ins1 ) , ins3 AS ( INSERT INTO terceros.info_complementaria_tercero(tercero_id, info_complementaria_id, dato, activo, fecha_creacion, fecha_modificacion) SELECT user_id, (SELECT id FROM terceros.info_complementaria WHERE codigo_abreviacion = 'DIRECCIÓN'), '{"dato":"Calle 130 # 25 - 25"}', TRUE, LOCALTIMESTAMP, LOCALTIMESTAMP FROM ins1 ) , ins4 AS ( INSERT INTO terceros.info_complementaria_tercero(tercero_id, info_complementaria_id, dato, activo, fecha_creacion, fecha_modificacion) SELECT user_id, (SELECT id FROM terceros.info_complementaria WHERE codigo_abreviacion = 'TELEFONO'), '{"dato":"6850737"}', TRUE, LOCALTIMESTAMP, LOCALTIMESTAMP FROM ins1 ) INSERT INTO terceros.datos_identificacion (tipo_documento_id, tercero_id, numero, activo, fecha_creacion, fecha_modificacion) SELECT (SELECT id FROM terceros.tipo_documento WHERE codigo_abreviacion = 'NIT'), user_id, '800250119', TRUE, LOCALTIMESTAMP, LOCALTIMESTAMP FROM ins1;
WITH ins1 AS ( INSERT INTO terceros.tercero(nombre_completo, activo, tipo_contribuyente_id, fecha_creacion, fecha_modificacion) VALUES ('Famisanar EPS Cafam', TRUE, (SELECT id FROM terceros.tipo_contribuyente WHERE codigo_abreviacion = 'P_JURIDICA'), LOCALTIMESTAMP, LOCALTIMESTAMP) RETURNING id AS user_id ) , ins2 AS ( INSERT INTO terceros.tercero_tipo_tercero(tercero_id, tipo_tercero_id, activo, fecha_creacion, fecha_modificacion) SELECT user_id, (SELECT id FROM terceros.tipo_tercero WHERE codigo_abreviacion = 'EPS'), TRUE, LOCALTIMESTAMP, LOCALTIMESTAMP FROM ins1 ) , ins3 AS ( INSERT INTO terceros.info_complementaria_tercero(tercero_id, info_complementaria_id, dato, activo, fecha_creacion, fecha_modificacion) SELECT user_id, (SELECT id FROM terceros.info_complementaria WHERE codigo_abreviacion = 'DIRECCIÓN'), '{"dato":"Calle 13 25 54"}', TRUE, LOCALTIMESTAMP, LOCALTIMESTAMP FROM ins1 ) , ins4 AS ( INSERT INTO terceros.info_complementaria_tercero(tercero_id, info_complementaria_id, dato, activo, fecha_creacion, fecha_modificacion) SELECT user_id, (SELECT id FROM terceros.info_complementaria WHERE codigo_abreviacion = 'TELEFONO'), '{"dato":"6859781"}', TRUE, LOCALTIMESTAMP, LOCALTIMESTAMP FROM ins1 ) INSERT INTO terceros.datos_identificacion (tipo_documento_id, tercero_id, numero, activo, fecha_creacion, fecha_modificacion) SELECT (SELECT id FROM terceros.tipo_documento WHERE codigo_abreviacion = 'NIT'), user_id, '830003564', TRUE, LOCALTIMESTAMP, LOCALTIMESTAMP FROM ins1;
WITH ins1 AS ( INSERT INTO terceros.tercero(nombre_completo, activo, tipo_contribuyente_id, fecha_creacion, fecha_modificacion) VALUES ('Cruz Blanca EPS', TRUE, (SELECT id FROM terceros.tipo_contribuyente WHERE codigo_abreviacion = 'P_JURIDICA'), LOCALTIMESTAMP, LOCALTIMESTAMP) RETURNING id AS user_id ) , ins2 AS ( INSERT INTO terceros.tercero_tipo_tercero(tercero_id, tipo_tercero_id, activo, fecha_creacion, fecha_modificacion) SELECT user_id, (SELECT id FROM terceros.tipo_tercero WHERE codigo_abreviacion = 'EPS'), TRUE, LOCALTIMESTAMP, LOCALTIMESTAMP FROM ins1 ) , ins3 AS ( INSERT INTO terceros.info_complementaria_tercero(tercero_id, info_complementaria_id, dato, activo, fecha_creacion, fecha_modificacion) SELECT user_id, (SELECT id FROM terceros.info_complementaria WHERE codigo_abreviacion = 'DIRECCIÓN'), '{"dato":"Calle 10 # 25 - 25"}', TRUE, LOCALTIMESTAMP, LOCALTIMESTAMP FROM ins1 ) , ins4 AS ( INSERT INTO terceros.info_complementaria_tercero(tercero_id, info_complementaria_id, dato, activo, fecha_creacion, fecha_modificacion) SELECT user_id, (SELECT id FROM terceros.info_complementaria WHERE codigo_abreviacion = 'TELEFONO'), '{"dato":"69784212"}', TRUE, LOCALTIMESTAMP, LOCALTIMESTAMP FROM ins1 ) INSERT INTO terceros.datos_identificacion (tipo_documento_id, tercero_id, numero, activo, fecha_creacion, fecha_modificacion) SELECT (SELECT id FROM terceros.tipo_documento WHERE codigo_abreviacion = 'NIT'), user_id, '830009783', TRUE, LOCALTIMESTAMP, LOCALTIMESTAMP FROM ins1;
WITH ins1 AS ( INSERT INTO terceros.tercero(nombre_completo, activo, tipo_contribuyente_id, fecha_creacion, fecha_modificacion) VALUES ('Compensar EPS', TRUE, (SELECT id FROM terceros.tipo_contribuyente WHERE codigo_abreviacion = 'P_JURIDICA'), LOCALTIMESTAMP, LOCALTIMESTAMP) RETURNING id AS user_id ) , ins2 AS ( INSERT INTO terceros.tercero_tipo_tercero(tercero_id, tipo_tercero_id, activo, fecha_creacion, fecha_modificacion) SELECT user_id, (SELECT id FROM terceros.tipo_tercero WHERE codigo_abreviacion = 'EPS'), TRUE, LOCALTIMESTAMP, LOCALTIMESTAMP FROM ins1 ) , ins3 AS ( INSERT INTO terceros.info_complementaria_tercero(tercero_id, info_complementaria_id, dato, activo, fecha_creacion, fecha_modificacion) SELECT user_id, (SELECT id FROM terceros.info_complementaria WHERE codigo_abreviacion = 'DIRECCIÓN'), '{"dato":"Calle 120 # 78 - 25"}', TRUE, LOCALTIMESTAMP, LOCALTIMESTAMP FROM ins1 ) , ins4 AS ( INSERT INTO terceros.info_complementaria_tercero(tercero_id, info_complementaria_id, dato, activo, fecha_creacion, fecha_modificacion) SELECT user_id, (SELECT id FROM terceros.info_complementaria WHERE codigo_abreviacion = 'TELEFONO'), '{"dato":"6424687"}', TRUE, LOCALTIMESTAMP, LOCALTIMESTAMP FROM ins1 ) INSERT INTO terceros.datos_identificacion (tipo_documento_id, tercero_id, numero, activo, fecha_creacion, fecha_modificacion) SELECT (SELECT id FROM terceros.tipo_documento WHERE codigo_abreviacion = 'NIT'), user_id, '860066942', TRUE, LOCALTIMESTAMP, LOCALTIMESTAMP FROM ins1;
WITH ins1 AS ( INSERT INTO terceros.tercero(nombre_completo, activo, tipo_contribuyente_id, fecha_creacion, fecha_modificacion) VALUES ('NuevaEPS', TRUE, (SELECT id FROM terceros.tipo_contribuyente WHERE codigo_abreviacion = 'P_JURIDICA'), LOCALTIMESTAMP, LOCALTIMESTAMP) RETURNING id AS user_id ) , ins2 AS ( INSERT INTO terceros.tercero_tipo_tercero(tercero_id, tipo_tercero_id, activo, fecha_creacion, fecha_modificacion) SELECT user_id, (SELECT id FROM terceros.tipo_tercero WHERE codigo_abreviacion = 'EPS'), TRUE, LOCALTIMESTAMP, LOCALTIMESTAMP FROM ins1 ) , ins3 AS ( INSERT INTO terceros.info_complementaria_tercero(tercero_id, info_complementaria_id, dato, activo, fecha_creacion, fecha_modificacion) SELECT user_id, (SELECT id FROM terceros.info_complementaria WHERE codigo_abreviacion = 'DIRECCIÓN'), '{"dato":"Calle 45 b N 44-56"}', TRUE, LOCALTIMESTAMP, LOCALTIMESTAMP FROM ins1 ) , ins4 AS ( INSERT INTO terceros.info_complementaria_tercero(tercero_id, info_complementaria_id, dato, activo, fecha_creacion, fecha_modificacion) SELECT user_id, (SELECT id FROM terceros.info_complementaria WHERE codigo_abreviacion = 'TELEFONO'), '{"dato":"7889878"}', TRUE, LOCALTIMESTAMP, LOCALTIMESTAMP FROM ins1 ) INSERT INTO terceros.datos_identificacion (tipo_documento_id, tercero_id, numero, activo, fecha_creacion, fecha_modificacion) SELECT (SELECT id FROM terceros.tipo_documento WHERE codigo_abreviacion = 'NIT'), user_id, '900156264', TRUE, LOCALTIMESTAMP, LOCALTIMESTAMP FROM ins1;
WITH ins1 AS ( INSERT INTO terceros.tercero(nombre_completo, activo, tipo_contribuyente_id, fecha_creacion, fecha_modificacion) VALUES ('ARL Sura', TRUE, (SELECT id FROM terceros.tipo_contribuyente WHERE codigo_abreviacion = 'P_JURIDICA'), LOCALTIMESTAMP, LOCALTIMESTAMP) RETURNING id AS user_id ) , ins2 AS ( INSERT INTO terceros.tercero_tipo_tercero(tercero_id, tipo_tercero_id, activo, fecha_creacion, fecha_modificacion) SELECT user_id, (SELECT id FROM terceros.tipo_tercero WHERE codigo_abreviacion = 'ARL'), TRUE, LOCALTIMESTAMP, LOCALTIMESTAMP FROM ins1 ) , ins3 AS ( INSERT INTO terceros.info_complementaria_tercero(tercero_id, info_complementaria_id, dato, activo, fecha_creacion, fecha_modificacion) SELECT user_id, (SELECT id FROM terceros.info_complementaria WHERE codigo_abreviacion = 'DIRECCIÓN'), '{"dato":"Calle 49A N.° 63-55"}', TRUE, LOCALTIMESTAMP, LOCALTIMESTAMP FROM ins1 ) , ins4 AS ( INSERT INTO terceros.info_complementaria_tercero(tercero_id, info_complementaria_id, dato, activo, fecha_creacion, fecha_modificacion) SELECT user_id, (SELECT id FROM terceros.info_complementaria WHERE codigo_abreviacion = 'TELEFONO'), '{"dato":"2318080"}', TRUE, LOCALTIMESTAMP, LOCALTIMESTAMP FROM ins1 ) INSERT INTO terceros.datos_identificacion (tipo_documento_id, tercero_id, numero, activo, fecha_creacion, fecha_modificacion) SELECT (SELECT id FROM terceros.tipo_documento WHERE codigo_abreviacion = 'NIT'), user_id, '800256161', TRUE, LOCALTIMESTAMP, LOCALTIMESTAMP FROM ins1;
WITH ins1 AS ( INSERT INTO terceros.tercero(nombre_completo, activo, tipo_contribuyente_id, fecha_creacion, fecha_modificacion) VALUES ('Axa Colpatria Seguros SA', TRUE, (SELECT id FROM terceros.tipo_contribuyente WHERE codigo_abreviacion = 'P_JURIDICA'), LOCALTIMESTAMP, LOCALTIMESTAMP) RETURNING id AS user_id ) , ins2 AS ( INSERT INTO terceros.tercero_tipo_tercero(tercero_id, tipo_tercero_id, activo, fecha_creacion, fecha_modificacion) SELECT user_id, (SELECT id FROM terceros.tipo_tercero WHERE codigo_abreviacion = 'ARL'), TRUE, LOCALTIMESTAMP, LOCALTIMESTAMP FROM ins1 ) , ins3 AS ( INSERT INTO terceros.info_complementaria_tercero(tercero_id, info_complementaria_id, dato, activo, fecha_creacion, fecha_modificacion) SELECT user_id, (SELECT id FROM terceros.info_complementaria WHERE codigo_abreviacion = 'DIRECCIÓN'), '{"dato":"Carrera 7a N.° 24-89"}', TRUE, LOCALTIMESTAMP, LOCALTIMESTAMP FROM ins1 ) , ins4 AS ( INSERT INTO terceros.info_complementaria_tercero(tercero_id, info_complementaria_id, dato, activo, fecha_creacion, fecha_modificacion) SELECT user_id, (SELECT id FROM terceros.info_complementaria WHERE codigo_abreviacion = 'TELEFONO'), '{"dato":"3364677"}', TRUE, LOCALTIMESTAMP, LOCALTIMESTAMP FROM ins1 ) INSERT INTO terceros.datos_identificacion (tipo_documento_id, tercero_id, numero, activo, fecha_creacion, fecha_modificacion) SELECT (SELECT id FROM terceros.tipo_documento WHERE codigo_abreviacion = 'NIT'), user_id, '860002184', TRUE, LOCALTIMESTAMP, LOCALTIMESTAMP FROM ins1;
WITH ins1 AS ( INSERT INTO terceros.tercero(nombre_completo, activo, tipo_contribuyente_id, fecha_creacion, fecha_modificacion) VALUES ('Seguros Bolivar SA', TRUE, (SELECT id FROM terceros.tipo_contribuyente WHERE codigo_abreviacion = 'P_JURIDICA'), LOCALTIMESTAMP, LOCALTIMESTAMP) RETURNING id AS user_id ) , ins2 AS ( INSERT INTO terceros.tercero_tipo_tercero(tercero_id, tipo_tercero_id, activo, fecha_creacion, fecha_modificacion) SELECT user_id, (SELECT id FROM terceros.tipo_tercero WHERE codigo_abreviacion = 'ARL'), TRUE, LOCALTIMESTAMP, LOCALTIMESTAMP FROM ins1 ) , ins3 AS ( INSERT INTO terceros.info_complementaria_tercero(tercero_id, info_complementaria_id, dato, activo, fecha_creacion, fecha_modificacion) SELECT user_id, (SELECT id FROM terceros.info_complementaria WHERE codigo_abreviacion = 'DIRECCIÓN'), '{"dato":"Avenida el Dorado N.° 68B-31"}', TRUE, LOCALTIMESTAMP, LOCALTIMESTAMP FROM ins1 ) , ins4 AS ( INSERT INTO terceros.info_complementaria_tercero(tercero_id, info_complementaria_id, dato, activo, fecha_creacion, fecha_modificacion) SELECT user_id, (SELECT id FROM terceros.info_complementaria WHERE codigo_abreviacion = 'TELEFONO'), '{"dato":"3410077"}', TRUE, LOCALTIMESTAMP, LOCALTIMESTAMP FROM ins1 ) INSERT INTO terceros.datos_identificacion (tipo_documento_id, tercero_id, numero, activo, fecha_creacion, fecha_modificacion) SELECT (SELECT id FROM terceros.tipo_documento WHERE codigo_abreviacion = 'NIT'), user_id, '860002503', TRUE, LOCALTIMESTAMP, LOCALTIMESTAMP FROM ins1;
WITH ins1 AS ( INSERT INTO terceros.tercero(nombre_completo, activo, tipo_contribuyente_id, fecha_creacion, fecha_modificacion) VALUES ('Positiva Compania Seguros', TRUE, (SELECT id FROM terceros.tipo_contribuyente WHERE codigo_abreviacion = 'P_JURIDICA'), LOCALTIMESTAMP, LOCALTIMESTAMP) RETURNING id AS user_id ) , ins2 AS ( INSERT INTO terceros.tercero_tipo_tercero(tercero_id, tipo_tercero_id, activo, fecha_creacion, fecha_modificacion) SELECT user_id, (SELECT id FROM terceros.tipo_tercero WHERE codigo_abreviacion = 'ARL'), TRUE, LOCALTIMESTAMP, LOCALTIMESTAMP FROM ins1 ) , ins3 AS ( INSERT INTO terceros.info_complementaria_tercero(tercero_id, info_complementaria_id, dato, activo, fecha_creacion, fecha_modificacion) SELECT user_id, (SELECT id FROM terceros.info_complementaria WHERE codigo_abreviacion = 'DIRECCIÓN'), '{"dato":"Av. Kra 45 Auto.Norte N 94-72"}', TRUE, LOCALTIMESTAMP, LOCALTIMESTAMP FROM ins1 ) , ins4 AS ( INSERT INTO terceros.info_complementaria_tercero(tercero_id, info_complementaria_id, dato, activo, fecha_creacion, fecha_modificacion) SELECT user_id, (SELECT id FROM terceros.info_complementaria WHERE codigo_abreviacion = 'TELEFONO'), '{"dato":"3307000"}', TRUE, LOCALTIMESTAMP, LOCALTIMESTAMP FROM ins1 ) INSERT INTO terceros.datos_identificacion (tipo_documento_id, tercero_id, numero, activo, fecha_creacion, fecha_modificacion) SELECT (SELECT id FROM terceros.tipo_documento WHERE codigo_abreviacion = 'NIT'), user_id, '860011153', TRUE, LOCALTIMESTAMP, LOCALTIMESTAMP FROM ins1;
WITH ins1 AS ( INSERT INTO terceros.tercero(nombre_completo, activo, tipo_contribuyente_id, fecha_creacion, fecha_modificacion) VALUES ('Seguros de Vida Aurora SA', TRUE, (SELECT id FROM terceros.tipo_contribuyente WHERE codigo_abreviacion = 'P_JURIDICA'), LOCALTIMESTAMP, LOCALTIMESTAMP) RETURNING id AS user_id ) , ins2 AS ( INSERT INTO terceros.tercero_tipo_tercero(tercero_id, tipo_tercero_id, activo, fecha_creacion, fecha_modificacion) SELECT user_id, (SELECT id FROM terceros.tipo_tercero WHERE codigo_abreviacion = 'ARL'), TRUE, LOCALTIMESTAMP, LOCALTIMESTAMP FROM ins1 ) , ins3 AS ( INSERT INTO terceros.info_complementaria_tercero(tercero_id, info_complementaria_id, dato, activo, fecha_creacion, fecha_modificacion) SELECT user_id, (SELECT id FROM terceros.info_complementaria WHERE codigo_abreviacion = 'DIRECCIÓN'), '{"dato":"Carrera 7 N.° 74-21"}', TRUE, LOCALTIMESTAMP, LOCALTIMESTAMP FROM ins1 ) , ins4 AS ( INSERT INTO terceros.info_complementaria_tercero(tercero_id, info_complementaria_id, dato, activo, fecha_creacion, fecha_modificacion) SELECT user_id, (SELECT id FROM terceros.info_complementaria WHERE codigo_abreviacion = 'TELEFONO'), '{"dato":"3192930"}', TRUE, LOCALTIMESTAMP, LOCALTIMESTAMP FROM ins1 ) INSERT INTO terceros.datos_identificacion (tipo_documento_id, tercero_id, numero, activo, fecha_creacion, fecha_modificacion) SELECT (SELECT id FROM terceros.tipo_documento WHERE codigo_abreviacion = 'NIT'), user_id, '860022137', TRUE, LOCALTIMESTAMP, LOCALTIMESTAMP FROM ins1;
WITH ins1 AS ( INSERT INTO terceros.tercero(nombre_completo, activo, tipo_contribuyente_id, fecha_creacion, fecha_modificacion) VALUES ('La Equidad Seguros GOC', TRUE, (SELECT id FROM terceros.tipo_contribuyente WHERE codigo_abreviacion = 'P_JURIDICA'), LOCALTIMESTAMP, LOCALTIMESTAMP) RETURNING id AS user_id ) , ins2 AS ( INSERT INTO terceros.tercero_tipo_tercero(tercero_id, tipo_tercero_id, activo, fecha_creacion, fecha_modificacion) SELECT user_id, (SELECT id FROM terceros.tipo_tercero WHERE codigo_abreviacion = 'ARL'), TRUE, LOCALTIMESTAMP, LOCALTIMESTAMP FROM ins1 ) , ins3 AS ( INSERT INTO terceros.info_complementaria_tercero(tercero_id, info_complementaria_id, dato, activo, fecha_creacion, fecha_modificacion) SELECT user_id, (SELECT id FROM terceros.info_complementaria WHERE codigo_abreviacion = 'DIRECCIÓN'), '{"dato":"Carrera. 9a N.° 99 - 07"}', TRUE, LOCALTIMESTAMP, LOCALTIMESTAMP FROM ins1 ) , ins4 AS ( INSERT INTO terceros.info_complementaria_tercero(tercero_id, info_complementaria_id, dato, activo, fecha_creacion, fecha_modificacion) SELECT user_id, (SELECT id FROM terceros.info_complementaria WHERE codigo_abreviacion = 'TELEFONO'), '{"dato":"5200169"}', TRUE, LOCALTIMESTAMP, LOCALTIMESTAMP FROM ins1 ) INSERT INTO terceros.datos_identificacion (tipo_documento_id, tercero_id, numero, activo, fecha_creacion, fecha_modificacion) SELECT (SELECT id FROM terceros.tipo_documento WHERE codigo_abreviacion = 'NIT'), user_id, '860028415', TRUE, LOCALTIMESTAMP, LOCALTIMESTAMP FROM ins1;
WITH ins1 AS ( INSERT INTO terceros.tercero(nombre_completo, activo, tipo_contribuyente_id, fecha_creacion, fecha_modificacion) VALUES ('Pensiones de Antioquia', TRUE, (SELECT id FROM terceros.tipo_contribuyente WHERE codigo_abreviacion = 'P_JURIDICA'), LOCALTIMESTAMP, LOCALTIMESTAMP) RETURNING id AS user_id ) , ins2 AS ( INSERT INTO terceros.tercero_tipo_tercero(tercero_id, tipo_tercero_id, activo, fecha_creacion, fecha_modificacion) SELECT user_id, (SELECT id FROM terceros.tipo_tercero WHERE codigo_abreviacion = 'F_PENSION'), TRUE, LOCALTIMESTAMP, LOCALTIMESTAMP FROM ins1 ) , ins3 AS ( INSERT INTO terceros.info_complementaria_tercero(tercero_id, info_complementaria_id, dato, activo, fecha_creacion, fecha_modificacion) SELECT user_id, (SELECT id FROM terceros.info_complementaria WHERE codigo_abreviacion = 'DIRECCIÓN'), '{"dato":"Carrera. 9a N.° 99 - 07"}', TRUE, LOCALTIMESTAMP, LOCALTIMESTAMP FROM ins1 ) , ins4 AS ( INSERT INTO terceros.info_complementaria_tercero(tercero_id, info_complementaria_id, dato, activo, fecha_creacion, fecha_modificacion) SELECT user_id, (SELECT id FROM terceros.info_complementaria WHERE codigo_abreviacion = 'TELEFONO'), '{"dato":"5200169"}', TRUE, LOCALTIMESTAMP, LOCALTIMESTAMP FROM ins1 ) INSERT INTO terceros.datos_identificacion (tipo_documento_id, tercero_id, numero, activo, fecha_creacion, fecha_modificacion) SELECT (SELECT id FROM terceros.tipo_documento WHERE codigo_abreviacion = 'NIT'), user_id, '800216278', TRUE, LOCALTIMESTAMP, LOCALTIMESTAMP FROM ins1;
WITH ins1 AS ( INSERT INTO terceros.tercero(nombre_completo, activo, tipo_contribuyente_id, fecha_creacion, fecha_modificacion) VALUES ('Porvenir', TRUE, (SELECT id FROM terceros.tipo_contribuyente WHERE codigo_abreviacion = 'P_JURIDICA'), LOCALTIMESTAMP, LOCALTIMESTAMP) RETURNING id AS user_id ) , ins2 AS ( INSERT INTO terceros.tercero_tipo_tercero(tercero_id, tipo_tercero_id, activo, fecha_creacion, fecha_modificacion) SELECT user_id, (SELECT id FROM terceros.tipo_tercero WHERE codigo_abreviacion = 'F_PENSION'), TRUE, LOCALTIMESTAMP, LOCALTIMESTAMP FROM ins1 ) , ins3 AS ( INSERT INTO terceros.info_complementaria_tercero(tercero_id, info_complementaria_id, dato, activo, fecha_creacion, fecha_modificacion) SELECT user_id, (SELECT id FROM terceros.info_complementaria WHERE codigo_abreviacion = 'DIRECCIÓN'), '{"dato":"Carrera. 9a N.° 99 - 07"}', TRUE, LOCALTIMESTAMP, LOCALTIMESTAMP FROM ins1 ) , ins4 AS ( INSERT INTO terceros.info_complementaria_tercero(tercero_id, info_complementaria_id, dato, activo, fecha_creacion, fecha_modificacion) SELECT user_id, (SELECT id FROM terceros.info_complementaria WHERE codigo_abreviacion = 'TELEFONO'), '{"dato":"5200169"}', TRUE, LOCALTIMESTAMP, LOCALTIMESTAMP FROM ins1 ) INSERT INTO terceros.datos_identificacion (tipo_documento_id, tercero_id, numero, activo, fecha_creacion, fecha_modificacion) SELECT (SELECT id FROM terceros.tipo_documento WHERE codigo_abreviacion = 'NIT'), user_id, '800224808', TRUE, LOCALTIMESTAMP, LOCALTIMESTAMP FROM ins1;
WITH ins1 AS ( INSERT INTO terceros.tercero(nombre_completo, activo, tipo_contribuyente_id, fecha_creacion, fecha_modificacion) VALUES ('Protección', TRUE, (SELECT id FROM terceros.tipo_contribuyente WHERE codigo_abreviacion = 'P_JURIDICA'), LOCALTIMESTAMP, LOCALTIMESTAMP) RETURNING id AS user_id ) , ins2 AS ( INSERT INTO terceros.tercero_tipo_tercero(tercero_id, tipo_tercero_id, activo, fecha_creacion, fecha_modificacion) SELECT user_id, (SELECT id FROM terceros.tipo_tercero WHERE codigo_abreviacion = 'F_PENSION'), TRUE, LOCALTIMESTAMP, LOCALTIMESTAMP FROM ins1 ) , ins3 AS ( INSERT INTO terceros.info_complementaria_tercero(tercero_id, info_complementaria_id, dato, activo, fecha_creacion, fecha_modificacion) SELECT user_id, (SELECT id FROM terceros.info_complementaria WHERE codigo_abreviacion = 'DIRECCIÓN'), '{"dato":"Carrera. 9a N.° 99 - 07"}', TRUE, LOCALTIMESTAMP, LOCALTIMESTAMP FROM ins1 ) , ins4 AS ( INSERT INTO terceros.info_complementaria_tercero(tercero_id, info_complementaria_id, dato, activo, fecha_creacion, fecha_modificacion) SELECT user_id, (SELECT id FROM terceros.info_complementaria WHERE codigo_abreviacion = 'TELEFONO'), '{"dato":"5200169"}', TRUE, LOCALTIMESTAMP, LOCALTIMESTAMP FROM ins1 ) INSERT INTO terceros.datos_identificacion (tipo_documento_id, tercero_id, numero, activo, fecha_creacion, fecha_modificacion) SELECT (SELECT id FROM terceros.tipo_documento WHERE codigo_abreviacion = 'NIT'), user_id, '800229739', TRUE, LOCALTIMESTAMP, LOCALTIMESTAMP FROM ins1;
WITH ins1 AS ( INSERT INTO terceros.tercero(nombre_completo, activo, tipo_contribuyente_id, fecha_creacion, fecha_modificacion) VALUES ('Horizonte', TRUE, (SELECT id FROM terceros.tipo_contribuyente WHERE codigo_abreviacion = 'P_JURIDICA'), LOCALTIMESTAMP, LOCALTIMESTAMP) RETURNING id AS user_id ) , ins2 AS ( INSERT INTO terceros.tercero_tipo_tercero(tercero_id, tipo_tercero_id, activo, fecha_creacion, fecha_modificacion) SELECT user_id, (SELECT id FROM terceros.tipo_tercero WHERE codigo_abreviacion = 'F_PENSION'), TRUE, LOCALTIMESTAMP, LOCALTIMESTAMP FROM ins1 ) , ins3 AS ( INSERT INTO terceros.info_complementaria_tercero(tercero_id, info_complementaria_id, dato, activo, fecha_creacion, fecha_modificacion) SELECT user_id, (SELECT id FROM terceros.info_complementaria WHERE codigo_abreviacion = 'DIRECCIÓN'), '{"dato":"Carrera. 9a N.° 99 - 07"}', TRUE, LOCALTIMESTAMP, LOCALTIMESTAMP FROM ins1 ) , ins4 AS ( INSERT INTO terceros.info_complementaria_tercero(tercero_id, info_complementaria_id, dato, activo, fecha_creacion, fecha_modificacion) SELECT user_id, (SELECT id FROM terceros.info_complementaria WHERE codigo_abreviacion = 'TELEFONO'), '{"dato":"5200169"}', TRUE, LOCALTIMESTAMP, LOCALTIMESTAMP FROM ins1 ) INSERT INTO terceros.datos_identificacion (tipo_documento_id, tercero_id, numero, activo, fecha_creacion, fecha_modificacion) SELECT (SELECT id FROM terceros.tipo_documento WHERE codigo_abreviacion = 'NIT'), user_id, '800231967', TRUE, LOCALTIMESTAMP, LOCALTIMESTAMP FROM ins1;
WITH ins1 AS ( INSERT INTO terceros.tercero(nombre_completo, activo, tipo_contribuyente_id, fecha_creacion, fecha_modificacion) VALUES ('Skandia', TRUE, (SELECT id FROM terceros.tipo_contribuyente WHERE codigo_abreviacion = 'P_JURIDICA'), LOCALTIMESTAMP, LOCALTIMESTAMP) RETURNING id AS user_id ) , ins2 AS ( INSERT INTO terceros.tercero_tipo_tercero(tercero_id, tipo_tercero_id, activo, fecha_creacion, fecha_modificacion) SELECT user_id, (SELECT id FROM terceros.tipo_tercero WHERE codigo_abreviacion = 'F_PENSION'), TRUE, LOCALTIMESTAMP, LOCALTIMESTAMP FROM ins1 ) , ins3 AS ( INSERT INTO terceros.info_complementaria_tercero(tercero_id, info_complementaria_id, dato, activo, fecha_creacion, fecha_modificacion) SELECT user_id, (SELECT id FROM terceros.info_complementaria WHERE codigo_abreviacion = 'DIRECCIÓN'), '{"dato":"Carrera. 9a N.° 99 - 07"}', TRUE, LOCALTIMESTAMP, LOCALTIMESTAMP FROM ins1 ) , ins4 AS ( INSERT INTO terceros.info_complementaria_tercero(tercero_id, info_complementaria_id, dato, activo, fecha_creacion, fecha_modificacion) SELECT user_id, (SELECT id FROM terceros.info_complementaria WHERE codigo_abreviacion = 'TELEFONO'), '{"dato":"5200169"}', TRUE, LOCALTIMESTAMP, LOCALTIMESTAMP FROM ins1 ) INSERT INTO terceros.datos_identificacion (tipo_documento_id, tercero_id, numero, activo, fecha_creacion, fecha_modificacion) SELECT (SELECT id FROM terceros.tipo_documento WHERE codigo_abreviacion = 'NIT'), user_id, '800253055', TRUE, LOCALTIMESTAMP, LOCALTIMESTAMP FROM ins1;
WITH ins1 AS ( INSERT INTO terceros.tercero(nombre_completo, activo, tipo_contribuyente_id, fecha_creacion, fecha_modificacion) VALUES ('Skandia Alternativo', TRUE, (SELECT id FROM terceros.tipo_contribuyente WHERE codigo_abreviacion = 'P_JURIDICA'), LOCALTIMESTAMP, LOCALTIMESTAMP) RETURNING id AS user_id ) , ins2 AS ( INSERT INTO terceros.tercero_tipo_tercero(tercero_id, tipo_tercero_id, activo, fecha_creacion, fecha_modificacion) SELECT user_id, (SELECT id FROM terceros.tipo_tercero WHERE codigo_abreviacion = 'F_PENSION'), TRUE, LOCALTIMESTAMP, LOCALTIMESTAMP FROM ins1 ) , ins3 AS ( INSERT INTO terceros.info_complementaria_tercero(tercero_id, info_complementaria_id, dato, activo, fecha_creacion, fecha_modificacion) SELECT user_id, (SELECT id FROM terceros.info_complementaria WHERE codigo_abreviacion = 'DIRECCIÓN'), '{"dato":"Carrera. 9a N.° 99 - 07"}', TRUE, LOCALTIMESTAMP, LOCALTIMESTAMP FROM ins1 ) , ins4 AS ( INSERT INTO terceros.info_complementaria_tercero(tercero_id, info_complementaria_id, dato, activo, fecha_creacion, fecha_modificacion) SELECT user_id, (SELECT id FROM terceros.info_complementaria WHERE codigo_abreviacion = 'TELEFONO'), '{"dato":"5200169"}', TRUE, LOCALTIMESTAMP, LOCALTIMESTAMP FROM ins1 ) INSERT INTO terceros.datos_identificacion (tipo_documento_id, tercero_id, numero, activo, fecha_creacion, fecha_modificacion) SELECT (SELECT id FROM terceros.tipo_documento WHERE codigo_abreviacion = 'NIT'), user_id, '830125132', TRUE, LOCALTIMESTAMP, LOCALTIMESTAMP FROM ins1;
WITH ins1 AS ( INSERT INTO terceros.tercero(nombre_completo, activo, tipo_contribuyente_id, fecha_creacion, fecha_modificacion) VALUES ('Caxdac', TRUE, (SELECT id FROM terceros.tipo_contribuyente WHERE codigo_abreviacion = 'P_JURIDICA'), LOCALTIMESTAMP, LOCALTIMESTAMP) RETURNING id AS user_id ) , ins2 AS ( INSERT INTO terceros.tercero_tipo_tercero(tercero_id, tipo_tercero_id, activo, fecha_creacion, fecha_modificacion) SELECT user_id, (SELECT id FROM terceros.tipo_tercero WHERE codigo_abreviacion = 'F_PENSION'), TRUE, LOCALTIMESTAMP, LOCALTIMESTAMP FROM ins1 ) , ins3 AS ( INSERT INTO terceros.info_complementaria_tercero(tercero_id, info_complementaria_id, dato, activo, fecha_creacion, fecha_modificacion) SELECT user_id, (SELECT id FROM terceros.info_complementaria WHERE codigo_abreviacion = 'DIRECCIÓN'), '{"dato":"Carrera. 9a N.° 99 - 07"}', TRUE, LOCALTIMESTAMP, LOCALTIMESTAMP FROM ins1 ) , ins4 AS ( INSERT INTO terceros.info_complementaria_tercero(tercero_id, info_complementaria_id, dato, activo, fecha_creacion, fecha_modificacion) SELECT user_id, (SELECT id FROM terceros.info_complementaria WHERE codigo_abreviacion = 'TELEFONO'), '{"dato":"5200169"}', TRUE, LOCALTIMESTAMP, LOCALTIMESTAMP FROM ins1 ) INSERT INTO terceros.datos_identificacion (tipo_documento_id, tercero_id, numero, activo, fecha_creacion, fecha_modificacion) SELECT (SELECT id FROM terceros.tipo_documento WHERE codigo_abreviacion = 'NIT'), user_id, '860007379', TRUE, LOCALTIMESTAMP, LOCALTIMESTAMP FROM ins1;
WITH ins1 AS ( INSERT INTO terceros.tercero(nombre_completo, activo, tipo_contribuyente_id, fecha_creacion, fecha_modificacion) VALUES ('Fonprecon', TRUE, (SELECT id FROM terceros.tipo_contribuyente WHERE codigo_abreviacion = 'P_JURIDICA'), LOCALTIMESTAMP, LOCALTIMESTAMP) RETURNING id AS user_id ) , ins2 AS ( INSERT INTO terceros.tercero_tipo_tercero(tercero_id, tipo_tercero_id, activo, fecha_creacion, fecha_modificacion) SELECT user_id, (SELECT id FROM terceros.tipo_tercero WHERE codigo_abreviacion = 'F_PENSION'), TRUE, LOCALTIMESTAMP, LOCALTIMESTAMP FROM ins1 ) , ins3 AS ( INSERT INTO terceros.info_complementaria_tercero(tercero_id, info_complementaria_id, dato, activo, fecha_creacion, fecha_modificacion) SELECT user_id, (SELECT id FROM terceros.info_complementaria WHERE codigo_abreviacion = 'DIRECCIÓN'), '{"dato":"Carrera. 9a N.° 99 - 07"}', TRUE, LOCALTIMESTAMP, LOCALTIMESTAMP FROM ins1 ) , ins4 AS ( INSERT INTO terceros.info_complementaria_tercero(tercero_id, info_complementaria_id, dato, activo, fecha_creacion, fecha_modificacion) SELECT user_id, (SELECT id FROM terceros.info_complementaria WHERE codigo_abreviacion = 'TELEFONO'), '{"dato":"5200169"}', TRUE, LOCALTIMESTAMP, LOCALTIMESTAMP FROM ins1 ) INSERT INTO terceros.datos_identificacion (tipo_documento_id, tercero_id, numero, activo, fecha_creacion, fecha_modificacion) SELECT (SELECT id FROM terceros.tipo_documento WHERE codigo_abreviacion = 'NIT'), user_id, '899999734', TRUE, LOCALTIMESTAMP, LOCALTIMESTAMP FROM ins1;
WITH ins1 AS ( INSERT INTO terceros.tercero(nombre_completo, activo, tipo_contribuyente_id, fecha_creacion, fecha_modificacion) VALUES ('Colpensiones', TRUE, (SELECT id FROM terceros.tipo_contribuyente WHERE codigo_abreviacion = 'P_JURIDICA'), LOCALTIMESTAMP, LOCALTIMESTAMP) RETURNING id AS user_id ) , ins2 AS ( INSERT INTO terceros.tercero_tipo_tercero(tercero_id, tipo_tercero_id, activo, fecha_creacion, fecha_modificacion) SELECT user_id, (SELECT id FROM terceros.tipo_tercero WHERE codigo_abreviacion = 'F_PENSION'), TRUE, LOCALTIMESTAMP, LOCALTIMESTAMP FROM ins1 ) , ins3 AS ( INSERT INTO terceros.info_complementaria_tercero(tercero_id, info_complementaria_id, dato, activo, fecha_creacion, fecha_modificacion) SELECT user_id, (SELECT id FROM terceros.info_complementaria WHERE codigo_abreviacion = 'DIRECCIÓN'), '{"dato":"Carrera. 9a N.° 99 - 07"}', TRUE, LOCALTIMESTAMP, LOCALTIMESTAMP FROM ins1 ) , ins4 AS ( INSERT INTO terceros.info_complementaria_tercero(tercero_id, info_complementaria_id, dato, activo, fecha_creacion, fecha_modificacion) SELECT user_id, (SELECT id FROM terceros.info_complementaria WHERE codigo_abreviacion = 'TELEFONO'), '{"dato":"5200169"}', TRUE, LOCALTIMESTAMP, LOCALTIMESTAMP FROM ins1 ) INSERT INTO terceros.datos_identificacion (tipo_documento_id, tercero_id, numero, activo, fecha_creacion, fecha_modificacion) SELECT (SELECT id FROM terceros.tipo_documento WHERE codigo_abreviacion = 'NIT'), user_id, '900336004', TRUE, LOCALTIMESTAMP, LOCALTIMESTAMP FROM ins1;
WITH ins1 AS ( INSERT INTO terceros.tercero(nombre_completo, activo, tipo_contribuyente_id, fecha_creacion, fecha_modificacion) VALUES ('Caja de Compensación Familiar Campesina COMCAJA', TRUE, (SELECT id FROM terceros.tipo_contribuyente WHERE codigo_abreviacion = 'P_JURIDICA'), LOCALTIMESTAMP, LOCALTIMESTAMP) RETURNING id AS user_id ) , ins2 AS ( INSERT INTO terceros.tercero_tipo_tercero(tercero_id, tipo_tercero_id, activo, fecha_creacion, fecha_modificacion) SELECT user_id, (SELECT id FROM terceros.tipo_tercero WHERE codigo_abreviacion = 'CAJA_COMPENSACIÓN'), TRUE, LOCALTIMESTAMP, LOCALTIMESTAMP FROM ins1 ) , ins3 AS ( INSERT INTO terceros.info_complementaria_tercero(tercero_id, info_complementaria_id, dato, activo, fecha_creacion, fecha_modificacion) SELECT user_id, (SELECT id FROM terceros.info_complementaria WHERE codigo_abreviacion = 'DIRECCIÓN'), '{"dato":"Carrera. 9a N.° 99 - 07"}', TRUE, LOCALTIMESTAMP, LOCALTIMESTAMP FROM ins1 ) , ins4 AS ( INSERT INTO terceros.info_complementaria_tercero(tercero_id, info_complementaria_id, dato, activo, fecha_creacion, fecha_modificacion) SELECT user_id, (SELECT id FROM terceros.info_complementaria WHERE codigo_abreviacion = 'TELEFONO'), '{"dato":"5200169"}', TRUE, LOCALTIMESTAMP, LOCALTIMESTAMP FROM ins1 ) INSERT INTO terceros.datos_identificacion (tipo_documento_id, tercero_id, numero, activo, fecha_creacion, fecha_modificacion) SELECT (SELECT id FROM terceros.tipo_documento WHERE codigo_abreviacion = 'NIT'), user_id, '800231969', TRUE, LOCALTIMESTAMP, LOCALTIMESTAMP FROM ins1;
WITH ins1 AS ( INSERT INTO terceros.tercero(nombre_completo, activo, tipo_contribuyente_id, fecha_creacion, fecha_modificacion) VALUES ('Caja Colombiana de Subsidio Familiar COLSUBSIDIO', TRUE, (SELECT id FROM terceros.tipo_contribuyente WHERE codigo_abreviacion = 'P_JURIDICA'), LOCALTIMESTAMP, LOCALTIMESTAMP) RETURNING id AS user_id ) , ins2 AS ( INSERT INTO terceros.tercero_tipo_tercero(tercero_id, tipo_tercero_id, activo, fecha_creacion, fecha_modificacion) SELECT user_id, (SELECT id FROM terceros.tipo_tercero WHERE codigo_abreviacion = 'CAJA_COMPENSACIÓN'), TRUE, LOCALTIMESTAMP, LOCALTIMESTAMP FROM ins1 ) , ins3 AS ( INSERT INTO terceros.info_complementaria_tercero(tercero_id, info_complementaria_id, dato, activo, fecha_creacion, fecha_modificacion) SELECT user_id, (SELECT id FROM terceros.info_complementaria WHERE codigo_abreviacion = 'DIRECCIÓN'), '{"dato":"Carrera. 9a N.° 99 - 07"}', TRUE, LOCALTIMESTAMP, LOCALTIMESTAMP FROM ins1 ) , ins4 AS ( INSERT INTO terceros.info_complementaria_tercero(tercero_id, info_complementaria_id, dato, activo, fecha_creacion, fecha_modificacion) SELECT user_id, (SELECT id FROM terceros.info_complementaria WHERE codigo_abreviacion = 'TELEFONO'), '{"dato":"5200169"}', TRUE, LOCALTIMESTAMP, LOCALTIMESTAMP FROM ins1 ) INSERT INTO terceros.datos_identificacion (tipo_documento_id, tercero_id, numero, activo, fecha_creacion, fecha_modificacion) SELECT (SELECT id FROM terceros.tipo_documento WHERE codigo_abreviacion = 'NIT'), user_id, '860007336', TRUE, LOCALTIMESTAMP, LOCALTIMESTAMP FROM ins1;
WITH ins1 AS ( INSERT INTO terceros.tercero(nombre_completo, activo, tipo_contribuyente_id, fecha_creacion, fecha_modificacion) VALUES ('Caja de Compensación Familiar CAFAM', TRUE, (SELECT id FROM terceros.tipo_contribuyente WHERE codigo_abreviacion = 'P_JURIDICA'), LOCALTIMESTAMP, LOCALTIMESTAMP) RETURNING id AS user_id ) , ins2 AS ( INSERT INTO terceros.tercero_tipo_tercero(tercero_id, tipo_tercero_id, activo, fecha_creacion, fecha_modificacion) SELECT user_id, (SELECT id FROM terceros.tipo_tercero WHERE codigo_abreviacion = 'CAJA_COMPENSACIÓN'), TRUE, LOCALTIMESTAMP, LOCALTIMESTAMP FROM ins1 ) , ins3 AS ( INSERT INTO terceros.info_complementaria_tercero(tercero_id, info_complementaria_id, dato, activo, fecha_creacion, fecha_modificacion) SELECT user_id, (SELECT id FROM terceros.info_complementaria WHERE codigo_abreviacion = 'DIRECCIÓN'), '{"dato":"Carrera. 9a N.° 99 - 07"}', TRUE, LOCALTIMESTAMP, LOCALTIMESTAMP FROM ins1 ) , ins4 AS ( INSERT INTO terceros.info_complementaria_tercero(tercero_id, info_complementaria_id, dato, activo, fecha_creacion, fecha_modificacion) SELECT user_id, (SELECT id FROM terceros.info_complementaria WHERE codigo_abreviacion = 'TELEFONO'), '{"dato":"5200169"}', TRUE, LOCALTIMESTAMP, LOCALTIMESTAMP FROM ins1 ) INSERT INTO terceros.datos_identificacion (tipo_documento_id, tercero_id, numero, activo, fecha_creacion, fecha_modificacion) SELECT (SELECT id FROM terceros.tipo_documento WHERE codigo_abreviacion = 'NIT'), user_id, '860013570', TRUE, LOCALTIMESTAMP, LOCALTIMESTAMP FROM ins1;
WITH ins1 AS ( INSERT INTO terceros.tercero(nombre_completo, activo, tipo_contribuyente_id, fecha_creacion, fecha_modificacion) VALUES ('Caja de Compensación Familiar COMPENSAR', TRUE, (SELECT id FROM terceros.tipo_contribuyente WHERE codigo_abreviacion = 'P_JURIDICA'), LOCALTIMESTAMP, LOCALTIMESTAMP) RETURNING id AS user_id ) , ins2 AS ( INSERT INTO terceros.tercero_tipo_tercero(tercero_id, tipo_tercero_id, activo, fecha_creacion, fecha_modificacion) SELECT user_id, (SELECT id FROM terceros.tipo_tercero WHERE codigo_abreviacion = 'CAJA_COMPENSACIÓN'), TRUE, LOCALTIMESTAMP, LOCALTIMESTAMP FROM ins1 ) , ins3 AS ( INSERT INTO terceros.info_complementaria_tercero(tercero_id, info_complementaria_id, dato, activo, fecha_creacion, fecha_modificacion) SELECT user_id, (SELECT id FROM terceros.info_complementaria WHERE codigo_abreviacion = 'DIRECCIÓN'), '{"dato":"Carrera. 9a N.° 99 - 07"}', TRUE, LOCALTIMESTAMP, LOCALTIMESTAMP FROM ins1 ) , ins4 AS ( INSERT INTO terceros.info_complementaria_tercero(tercero_id, info_complementaria_id, dato, activo, fecha_creacion, fecha_modificacion) SELECT user_id, (SELECT id FROM terceros.info_complementaria WHERE codigo_abreviacion = 'TELEFONO'), '{"dato":"5200169"}', TRUE, LOCALTIMESTAMP, LOCALTIMESTAMP FROM ins1 ) INSERT INTO terceros.datos_identificacion (tipo_documento_id, tercero_id, numero, activo, fecha_creacion, fecha_modificacion) SELECT (SELECT id FROM terceros.tipo_documento WHERE codigo_abreviacion = 'NIT'), user_id, '860066943', TRUE, LOCALTIMESTAMP, LOCALTIMESTAMP FROM ins1;
WITH ins1 AS ( INSERT INTO terceros.tercero(nombre_completo, activo, tipo_contribuyente_id, fecha_creacion, fecha_modificacion) VALUES ('Caja de Compensación Familiar Camacol COMFAMILIAR CAMACOL', TRUE, (SELECT id FROM terceros.tipo_contribuyente WHERE codigo_abreviacion = 'P_JURIDICA'), LOCALTIMESTAMP, LOCALTIMESTAMP) RETURNING id AS user_id ) , ins2 AS ( INSERT INTO terceros.tercero_tipo_tercero(tercero_id, tipo_tercero_id, activo, fecha_creacion, fecha_modificacion) SELECT user_id, (SELECT id FROM terceros.tipo_tercero WHERE codigo_abreviacion = 'CAJA_COMPENSACIÓN'), TRUE, LOCALTIMESTAMP, LOCALTIMESTAMP FROM ins1 ) , ins3 AS ( INSERT INTO terceros.info_complementaria_tercero(tercero_id, info_complementaria_id, dato, activo, fecha_creacion, fecha_modificacion) SELECT user_id, (SELECT id FROM terceros.info_complementaria WHERE codigo_abreviacion = 'DIRECCIÓN'), '{"dato":"Carrera. 9a N.° 99 - 07"}', TRUE, LOCALTIMESTAMP, LOCALTIMESTAMP FROM ins1 ) , ins4 AS ( INSERT INTO terceros.info_complementaria_tercero(tercero_id, info_complementaria_id, dato, activo, fecha_creacion, fecha_modificacion) SELECT user_id, (SELECT id FROM terceros.info_complementaria WHERE codigo_abreviacion = 'TELEFONO'), '{"dato":"5200169"}', TRUE, LOCALTIMESTAMP, LOCALTIMESTAMP FROM ins1 ) INSERT INTO terceros.datos_identificacion (tipo_documento_id, tercero_id, numero, activo, fecha_creacion, fecha_modificacion) SELECT (SELECT id FROM terceros.tipo_documento WHERE codigo_abreviacion = 'NIT'), user_id, '890900840', TRUE, LOCALTIMESTAMP, LOCALTIMESTAMP FROM ins1;
WITH ins1 AS ( INSERT INTO terceros.tercero(nombre_completo, activo, tipo_contribuyente_id, fecha_creacion, fecha_modificacion) VALUES ('Caja de Compensación Familiar de Boyacá - COMFABOY', TRUE, (SELECT id FROM terceros.tipo_contribuyente WHERE codigo_abreviacion = 'P_JURIDICA'), LOCALTIMESTAMP, LOCALTIMESTAMP) RETURNING id AS user_id ) , ins2 AS ( INSERT INTO terceros.tercero_tipo_tercero(tercero_id, tipo_tercero_id, activo, fecha_creacion, fecha_modificacion) SELECT user_id, (SELECT id FROM terceros.tipo_tercero WHERE codigo_abreviacion = 'CAJA_COMPENSACIÓN'), TRUE, LOCALTIMESTAMP, LOCALTIMESTAMP FROM ins1 ) , ins3 AS ( INSERT INTO terceros.info_complementaria_tercero(tercero_id, info_complementaria_id, dato, activo, fecha_creacion, fecha_modificacion) SELECT user_id, (SELECT id FROM terceros.info_complementaria WHERE codigo_abreviacion = 'DIRECCIÓN'), '{"dato":"Carrera. 9a N.° 99 - 07"}', TRUE, LOCALTIMESTAMP, LOCALTIMESTAMP FROM ins1 ) , ins4 AS ( INSERT INTO terceros.info_complementaria_tercero(tercero_id, info_complementaria_id, dato, activo, fecha_creacion, fecha_modificacion) SELECT user_id, (SELECT id FROM terceros.info_complementaria WHERE codigo_abreviacion = 'TELEFONO'), '{"dato":"5200169"}', TRUE, LOCALTIMESTAMP, LOCALTIMESTAMP FROM ins1 ) INSERT INTO terceros.datos_identificacion (tipo_documento_id, tercero_id, numero, activo, fecha_creacion, fecha_modificacion) SELECT (SELECT id FROM terceros.tipo_documento WHERE codigo_abreviacion = 'NIT'), user_id, '891800213', TRUE, LOCALTIMESTAMP, LOCALTIMESTAMP FROM ins1;
WITH ins1 AS ( INSERT INTO terceros.tercero(nombre_completo, activo, tipo_contribuyente_id, fecha_creacion, fecha_modificacion) VALUES ('Caja de Compensación Familiar Regional del Meta COFREM', TRUE, (SELECT id FROM terceros.tipo_contribuyente WHERE codigo_abreviacion = 'P_JURIDICA'), LOCALTIMESTAMP, LOCALTIMESTAMP) RETURNING id AS user_id ) , ins2 AS ( INSERT INTO terceros.tercero_tipo_tercero(tercero_id, tipo_tercero_id, activo, fecha_creacion, fecha_modificacion) SELECT user_id, (SELECT id FROM terceros.tipo_tercero WHERE codigo_abreviacion = 'CAJA_COMPENSACIÓN'), TRUE, LOCALTIMESTAMP, LOCALTIMESTAMP FROM ins1 ) , ins3 AS ( INSERT INTO terceros.info_complementaria_tercero(tercero_id, info_complementaria_id, dato, activo, fecha_creacion, fecha_modificacion) SELECT user_id, (SELECT id FROM terceros.info_complementaria WHERE codigo_abreviacion = 'DIRECCIÓN'), '{"dato":"Carrera. 9a N.° 99 - 07"}', TRUE, LOCALTIMESTAMP, LOCALTIMESTAMP FROM ins1 ) , ins4 AS ( INSERT INTO terceros.info_complementaria_tercero(tercero_id, info_complementaria_id, dato, activo, fecha_creacion, fecha_modificacion) SELECT user_id, (SELECT id FROM terceros.info_complementaria WHERE codigo_abreviacion = 'TELEFONO'), '{"dato":"5200169"}', TRUE, LOCALTIMESTAMP, LOCALTIMESTAMP FROM ins1 ) INSERT INTO terceros.datos_identificacion (tipo_documento_id, tercero_id, numero, activo, fecha_creacion, fecha_modificacion) SELECT (SELECT id FROM terceros.tipo_documento WHERE codigo_abreviacion = 'NIT'), user_id, '892000146', TRUE, LOCALTIMESTAMP, LOCALTIMESTAMP FROM ins1; 


WITH ins1 AS ( INSERT INTO terceros.tercero(nombre_completo, activo, tipo_contribuyente_id, fecha_creacion, fecha_modificacion) VALUES ('Caprecom', TRUE, (SELECT id FROM terceros.tipo_contribuyente WHERE codigo_abreviacion = 'P_JURIDICA'), LOCALTIMESTAMP, LOCALTIMESTAMP) RETURNING id AS user_id ) INSERT INTO terceros.tercero_tipo_tercero(tercero_id, tipo_tercero_id, activo, fecha_creacion, fecha_modificacion) SELECT user_id, (SELECT id FROM terceros.tipo_tercero WHERE codigo_abreviacion = 'EPS'), TRUE, LOCALTIMESTAMP, LOCALTIMESTAMP FROM ins1;
WITH ins1 AS ( INSERT INTO terceros.tercero(nombre_completo, activo, tipo_contribuyente_id, fecha_creacion, fecha_modificacion) VALUES ('Capresoca', TRUE, (SELECT id FROM terceros.tipo_contribuyente WHERE codigo_abreviacion = 'P_JURIDICA'), LOCALTIMESTAMP, LOCALTIMESTAMP) RETURNING id AS user_id ) INSERT INTO terceros.tercero_tipo_tercero(tercero_id, tipo_tercero_id, activo, fecha_creacion, fecha_modificacion) SELECT user_id, (SELECT id FROM terceros.tipo_tercero WHERE codigo_abreviacion = 'EPS'), TRUE, LOCALTIMESTAMP, LOCALTIMESTAMP FROM ins1;
WITH ins1 AS ( INSERT INTO terceros.tercero(nombre_completo, activo, tipo_contribuyente_id, fecha_creacion, fecha_modificacion) VALUES ('Colmédica', TRUE, (SELECT id FROM terceros.tipo_contribuyente WHERE codigo_abreviacion = 'P_JURIDICA'), LOCALTIMESTAMP, LOCALTIMESTAMP) RETURNING id AS user_id ) INSERT INTO terceros.tercero_tipo_tercero(tercero_id, tipo_tercero_id, activo, fecha_creacion, fecha_modificacion) SELECT user_id, (SELECT id FROM terceros.tipo_tercero WHERE codigo_abreviacion = 'EPS'), TRUE, LOCALTIMESTAMP, LOCALTIMESTAMP FROM ins1;
WITH ins1 AS ( INSERT INTO terceros.tercero(nombre_completo, activo, tipo_contribuyente_id, fecha_creacion, fecha_modificacion) VALUES ('Comfenalco Antioquia', TRUE, (SELECT id FROM terceros.tipo_contribuyente WHERE codigo_abreviacion = 'P_JURIDICA'), LOCALTIMESTAMP, LOCALTIMESTAMP) RETURNING id AS user_id ) INSERT INTO terceros.tercero_tipo_tercero(tercero_id, tipo_tercero_id, activo, fecha_creacion, fecha_modificacion) SELECT user_id, (SELECT id FROM terceros.tipo_tercero WHERE codigo_abreviacion = 'EPS'), TRUE, LOCALTIMESTAMP, LOCALTIMESTAMP FROM ins1;
WITH ins1 AS ( INSERT INTO terceros.tercero(nombre_completo, activo, tipo_contribuyente_id, fecha_creacion, fecha_modificacion) VALUES ('Comfenalco Valle', TRUE, (SELECT id FROM terceros.tipo_contribuyente WHERE codigo_abreviacion = 'P_JURIDICA'), LOCALTIMESTAMP, LOCALTIMESTAMP) RETURNING id AS user_id ) INSERT INTO terceros.tercero_tipo_tercero(tercero_id, tipo_tercero_id, activo, fecha_creacion, fecha_modificacion) SELECT user_id, (SELECT id FROM terceros.tipo_tercero WHERE codigo_abreviacion = 'EPS'), TRUE, LOCALTIMESTAMP, LOCALTIMESTAMP FROM ins1;
WITH ins1 AS ( INSERT INTO terceros.tercero(nombre_completo, activo, tipo_contribuyente_id, fecha_creacion, fecha_modificacion) VALUES ('Convida ARS', TRUE, (SELECT id FROM terceros.tipo_contribuyente WHERE codigo_abreviacion = 'P_JURIDICA'), LOCALTIMESTAMP, LOCALTIMESTAMP) RETURNING id AS user_id ) INSERT INTO terceros.tercero_tipo_tercero(tercero_id, tipo_tercero_id, activo, fecha_creacion, fecha_modificacion) SELECT user_id, (SELECT id FROM terceros.tipo_tercero WHERE codigo_abreviacion = 'EPS'), TRUE, LOCALTIMESTAMP, LOCALTIMESTAMP FROM ins1;
WITH ins1 AS ( INSERT INTO terceros.tercero(nombre_completo, activo, tipo_contribuyente_id, fecha_creacion, fecha_modificacion) VALUES ('Coomeva EPS', TRUE, (SELECT id FROM terceros.tipo_contribuyente WHERE codigo_abreviacion = 'P_JURIDICA'), LOCALTIMESTAMP, LOCALTIMESTAMP) RETURNING id AS user_id ) INSERT INTO terceros.tercero_tipo_tercero(tercero_id, tipo_tercero_id, activo, fecha_creacion, fecha_modificacion) SELECT user_id, (SELECT id FROM terceros.tipo_tercero WHERE codigo_abreviacion = 'EPS'), TRUE, LOCALTIMESTAMP, LOCALTIMESTAMP FROM ins1;
WITH ins1 AS ( INSERT INTO terceros.tercero(nombre_completo, activo, tipo_contribuyente_id, fecha_creacion, fecha_modificacion) VALUES ('Humana Vivir', TRUE, (SELECT id FROM terceros.tipo_contribuyente WHERE codigo_abreviacion = 'P_JURIDICA'), LOCALTIMESTAMP, LOCALTIMESTAMP) RETURNING id AS user_id ) INSERT INTO terceros.tercero_tipo_tercero(tercero_id, tipo_tercero_id, activo, fecha_creacion, fecha_modificacion) SELECT user_id, (SELECT id FROM terceros.tipo_tercero WHERE codigo_abreviacion = 'EPS'), TRUE, LOCALTIMESTAMP, LOCALTIMESTAMP FROM ins1;
WITH ins1 AS ( INSERT INTO terceros.tercero(nombre_completo, activo, tipo_contribuyente_id, fecha_creacion, fecha_modificacion) VALUES ('Instituto de los seguros sociales', TRUE, (SELECT id FROM terceros.tipo_contribuyente WHERE codigo_abreviacion = 'P_JURIDICA'), LOCALTIMESTAMP, LOCALTIMESTAMP) RETURNING id AS user_id ) INSERT INTO terceros.tercero_tipo_tercero(tercero_id, tipo_tercero_id, activo, fecha_creacion, fecha_modificacion) SELECT user_id, (SELECT id FROM terceros.tipo_tercero WHERE codigo_abreviacion = 'EPS'), TRUE, LOCALTIMESTAMP, LOCALTIMESTAMP FROM ins1;
WITH ins1 AS ( INSERT INTO terceros.tercero(nombre_completo, activo, tipo_contribuyente_id, fecha_creacion, fecha_modificacion) VALUES ('Salud colmena', TRUE, (SELECT id FROM terceros.tipo_contribuyente WHERE codigo_abreviacion = 'P_JURIDICA'), LOCALTIMESTAMP, LOCALTIMESTAMP) RETURNING id AS user_id ) INSERT INTO terceros.tercero_tipo_tercero(tercero_id, tipo_tercero_id, activo, fecha_creacion, fecha_modificacion) SELECT user_id, (SELECT id FROM terceros.tipo_tercero WHERE codigo_abreviacion = 'EPS'), TRUE, LOCALTIMESTAMP, LOCALTIMESTAMP FROM ins1;
WITH ins1 AS ( INSERT INTO terceros.tercero(nombre_completo, activo, tipo_contribuyente_id, fecha_creacion, fecha_modificacion) VALUES ('Salud Colpatria', TRUE, (SELECT id FROM terceros.tipo_contribuyente WHERE codigo_abreviacion = 'P_JURIDICA'), LOCALTIMESTAMP, LOCALTIMESTAMP) RETURNING id AS user_id ) INSERT INTO terceros.tercero_tipo_tercero(tercero_id, tipo_tercero_id, activo, fecha_creacion, fecha_modificacion) SELECT user_id, (SELECT id FROM terceros.tipo_tercero WHERE codigo_abreviacion = 'EPS'), TRUE, LOCALTIMESTAMP, LOCALTIMESTAMP FROM ins1;
WITH ins1 AS ( INSERT INTO terceros.tercero(nombre_completo, activo, tipo_contribuyente_id, fecha_creacion, fecha_modificacion) VALUES ('Salud colombia EPS SA', TRUE, (SELECT id FROM terceros.tipo_contribuyente WHERE codigo_abreviacion = 'P_JURIDICA'), LOCALTIMESTAMP, LOCALTIMESTAMP) RETURNING id AS user_id ) INSERT INTO terceros.tercero_tipo_tercero(tercero_id, tipo_tercero_id, activo, fecha_creacion, fecha_modificacion) SELECT user_id, (SELECT id FROM terceros.tipo_tercero WHERE codigo_abreviacion = 'EPS'), TRUE, LOCALTIMESTAMP, LOCALTIMESTAMP FROM ins1;
WITH ins1 AS ( INSERT INTO terceros.tercero(nombre_completo, activo, tipo_contribuyente_id, fecha_creacion, fecha_modificacion) VALUES ('Salud vida', TRUE, (SELECT id FROM terceros.tipo_contribuyente WHERE codigo_abreviacion = 'P_JURIDICA'), LOCALTIMESTAMP, LOCALTIMESTAMP) RETURNING id AS user_id ) INSERT INTO terceros.tercero_tipo_tercero(tercero_id, tipo_tercero_id, activo, fecha_creacion, fecha_modificacion) SELECT user_id, (SELECT id FROM terceros.tipo_tercero WHERE codigo_abreviacion = 'EPS'), TRUE, LOCALTIMESTAMP, LOCALTIMESTAMP FROM ins1;
WITH ins1 AS ( INSERT INTO terceros.tercero(nombre_completo, activo, tipo_contribuyente_id, fecha_creacion, fecha_modificacion) VALUES ('Sanitas', TRUE, (SELECT id FROM terceros.tipo_contribuyente WHERE codigo_abreviacion = 'P_JURIDICA'), LOCALTIMESTAMP, LOCALTIMESTAMP) RETURNING id AS user_id ) INSERT INTO terceros.tercero_tipo_tercero(tercero_id, tipo_tercero_id, activo, fecha_creacion, fecha_modificacion) SELECT user_id, (SELECT id FROM terceros.tipo_tercero WHERE codigo_abreviacion = 'EPS'), TRUE, LOCALTIMESTAMP, LOCALTIMESTAMP FROM ins1;
WITH ins1 AS ( INSERT INTO terceros.tercero(nombre_completo, activo, tipo_contribuyente_id, fecha_creacion, fecha_modificacion) VALUES ('Selvasalud', TRUE, (SELECT id FROM terceros.tipo_contribuyente WHERE codigo_abreviacion = 'P_JURIDICA'), LOCALTIMESTAMP, LOCALTIMESTAMP) RETURNING id AS user_id ) INSERT INTO terceros.tercero_tipo_tercero(tercero_id, tipo_tercero_id, activo, fecha_creacion, fecha_modificacion) SELECT user_id, (SELECT id FROM terceros.tipo_tercero WHERE codigo_abreviacion = 'EPS'), TRUE, LOCALTIMESTAMP, LOCALTIMESTAMP FROM ins1;
WITH ins1 AS ( INSERT INTO terceros.tercero(nombre_completo, activo, tipo_contribuyente_id, fecha_creacion, fecha_modificacion) VALUES ('Solsalud', TRUE, (SELECT id FROM terceros.tipo_contribuyente WHERE codigo_abreviacion = 'P_JURIDICA'), LOCALTIMESTAMP, LOCALTIMESTAMP) RETURNING id AS user_id ) INSERT INTO terceros.tercero_tipo_tercero(tercero_id, tipo_tercero_id, activo, fecha_creacion, fecha_modificacion) SELECT user_id, (SELECT id FROM terceros.tipo_tercero WHERE codigo_abreviacion = 'EPS'), TRUE, LOCALTIMESTAMP, LOCALTIMESTAMP FROM ins1;
WITH ins1 AS ( INSERT INTO terceros.tercero(nombre_completo, activo, tipo_contribuyente_id, fecha_creacion, fecha_modificacion) VALUES ('SOS EPS', TRUE, (SELECT id FROM terceros.tipo_contribuyente WHERE codigo_abreviacion = 'P_JURIDICA'), LOCALTIMESTAMP, LOCALTIMESTAMP) RETURNING id AS user_id ) INSERT INTO terceros.tercero_tipo_tercero(tercero_id, tipo_tercero_id, activo, fecha_creacion, fecha_modificacion) SELECT user_id, (SELECT id FROM terceros.tipo_tercero WHERE codigo_abreviacion = 'EPS'), TRUE, LOCALTIMESTAMP, LOCALTIMESTAMP FROM ins1;
WITH ins1 AS ( INSERT INTO terceros.tercero(nombre_completo, activo, tipo_contribuyente_id, fecha_creacion, fecha_modificacion) VALUES ('Susalud', TRUE, (SELECT id FROM terceros.tipo_contribuyente WHERE codigo_abreviacion = 'P_JURIDICA'), LOCALTIMESTAMP, LOCALTIMESTAMP) RETURNING id AS user_id ) INSERT INTO terceros.tercero_tipo_tercero(tercero_id, tipo_tercero_id, activo, fecha_creacion, fecha_modificacion) SELECT user_id, (SELECT id FROM terceros.tipo_tercero WHERE codigo_abreviacion = 'EPS'), TRUE, LOCALTIMESTAMP, LOCALTIMESTAMP FROM ins1;
WITH ins1 AS ( INSERT INTO terceros.tercero(nombre_completo, activo, tipo_contribuyente_id, fecha_creacion, fecha_modificacion) VALUES ('Mutual ser', TRUE, (SELECT id FROM terceros.tipo_contribuyente WHERE codigo_abreviacion = 'P_JURIDICA'), LOCALTIMESTAMP, LOCALTIMESTAMP) RETURNING id AS user_id ) INSERT INTO terceros.tercero_tipo_tercero(tercero_id, tipo_tercero_id, activo, fecha_creacion, fecha_modificacion) SELECT user_id, (SELECT id FROM terceros.tipo_tercero WHERE codigo_abreviacion = 'EPS'), TRUE, LOCALTIMESTAMP, LOCALTIMESTAMP FROM ins1;
WITH ins1 AS ( INSERT INTO terceros.tercero(nombre_completo, activo, tipo_contribuyente_id, fecha_creacion, fecha_modificacion) VALUES ('Coosalud', TRUE, (SELECT id FROM terceros.tipo_contribuyente WHERE codigo_abreviacion = 'P_JURIDICA'), LOCALTIMESTAMP, LOCALTIMESTAMP) RETURNING id AS user_id ) INSERT INTO terceros.tercero_tipo_tercero(tercero_id, tipo_tercero_id, activo, fecha_creacion, fecha_modificacion) SELECT user_id, (SELECT id FROM terceros.tipo_tercero WHERE codigo_abreviacion = 'EPS'), TRUE, LOCALTIMESTAMP, LOCALTIMESTAMP FROM ins1;
WITH ins1 AS ( INSERT INTO terceros.tercero(nombre_completo, activo, tipo_contribuyente_id, fecha_creacion, fecha_modificacion) VALUES ('Emssanar', TRUE, (SELECT id FROM terceros.tipo_contribuyente WHERE codigo_abreviacion = 'P_JURIDICA'), LOCALTIMESTAMP, LOCALTIMESTAMP) RETURNING id AS user_id ) INSERT INTO terceros.tercero_tipo_tercero(tercero_id, tipo_tercero_id, activo, fecha_creacion, fecha_modificacion) SELECT user_id, (SELECT id FROM terceros.tipo_tercero WHERE codigo_abreviacion = 'EPS'), TRUE, LOCALTIMESTAMP, LOCALTIMESTAMP FROM ins1;
WITH ins1 AS ( INSERT INTO terceros.tercero(nombre_completo, activo, tipo_contribuyente_id, fecha_creacion, fecha_modificacion) VALUES ('Aliansalud', TRUE, (SELECT id FROM terceros.tipo_contribuyente WHERE codigo_abreviacion = 'P_JURIDICA'), LOCALTIMESTAMP, LOCALTIMESTAMP) RETURNING id AS user_id ) INSERT INTO terceros.tercero_tipo_tercero(tercero_id, tipo_tercero_id, activo, fecha_creacion, fecha_modificacion) SELECT user_id, (SELECT id FROM terceros.tipo_tercero WHERE codigo_abreviacion = 'EPS'), TRUE, LOCALTIMESTAMP, LOCALTIMESTAMP FROM ins1;
WITH ins1 AS ( INSERT INTO terceros.tercero(nombre_completo, activo, tipo_contribuyente_id, fecha_creacion, fecha_modificacion) VALUES ('Asmet salud', TRUE, (SELECT id FROM terceros.tipo_contribuyente WHERE codigo_abreviacion = 'P_JURIDICA'), LOCALTIMESTAMP, LOCALTIMESTAMP) RETURNING id AS user_id ) INSERT INTO terceros.tercero_tipo_tercero(tercero_id, tipo_tercero_id, activo, fecha_creacion, fecha_modificacion) SELECT user_id, (SELECT id FROM terceros.tipo_tercero WHERE codigo_abreviacion = 'EPS'), TRUE, LOCALTIMESTAMP, LOCALTIMESTAMP FROM ins1;
WITH ins1 AS ( INSERT INTO terceros.tercero(nombre_completo, activo, tipo_contribuyente_id, fecha_creacion, fecha_modificacion) VALUES ('Servicio occidental de salud', TRUE, (SELECT id FROM terceros.tipo_contribuyente WHERE codigo_abreviacion = 'P_JURIDICA'), LOCALTIMESTAMP, LOCALTIMESTAMP) RETURNING id AS user_id ) INSERT INTO terceros.tercero_tipo_tercero(tercero_id, tipo_tercero_id, activo, fecha_creacion, fecha_modificacion) SELECT user_id, (SELECT id FROM terceros.tipo_tercero WHERE codigo_abreviacion = 'EPS'), TRUE, LOCALTIMESTAMP, LOCALTIMESTAMP FROM ins1;
WITH ins1 AS ( INSERT INTO terceros.tercero(nombre_completo, activo, tipo_contribuyente_id, fecha_creacion, fecha_modificacion) VALUES ('Ambuq', TRUE, (SELECT id FROM terceros.tipo_contribuyente WHERE codigo_abreviacion = 'P_JURIDICA'), LOCALTIMESTAMP, LOCALTIMESTAMP) RETURNING id AS user_id ) INSERT INTO terceros.tercero_tipo_tercero(tercero_id, tipo_tercero_id, activo, fecha_creacion, fecha_modificacion) SELECT user_id, (SELECT id FROM terceros.tipo_tercero WHERE codigo_abreviacion = 'EPS'), TRUE, LOCALTIMESTAMP, LOCALTIMESTAMP FROM ins1;
WITH ins1 AS ( INSERT INTO terceros.tercero(nombre_completo, activo, tipo_contribuyente_id, fecha_creacion, fecha_modificacion) VALUES ('Savia salud', TRUE, (SELECT id FROM terceros.tipo_contribuyente WHERE codigo_abreviacion = 'P_JURIDICA'), LOCALTIMESTAMP, LOCALTIMESTAMP) RETURNING id AS user_id ) INSERT INTO terceros.tercero_tipo_tercero(tercero_id, tipo_tercero_id, activo, fecha_creacion, fecha_modificacion) SELECT user_id, (SELECT id FROM terceros.tipo_tercero WHERE codigo_abreviacion = 'EPS'), TRUE, LOCALTIMESTAMP, LOCALTIMESTAMP FROM ins1;
WITH ins1 AS ( INSERT INTO terceros.tercero(nombre_completo, activo, tipo_contribuyente_id, fecha_creacion, fecha_modificacion) VALUES ('Capital salud', TRUE, (SELECT id FROM terceros.tipo_contribuyente WHERE codigo_abreviacion = 'P_JURIDICA'), LOCALTIMESTAMP, LOCALTIMESTAMP) RETURNING id AS user_id ) INSERT INTO terceros.tercero_tipo_tercero(tercero_id, tipo_tercero_id, activo, fecha_creacion, fecha_modificacion) SELECT user_id, (SELECT id FROM terceros.tipo_tercero WHERE codigo_abreviacion = 'EPS'), TRUE, LOCALTIMESTAMP, LOCALTIMESTAMP FROM ins1;
WITH ins1 AS ( INSERT INTO terceros.tercero(nombre_completo, activo, tipo_contribuyente_id, fecha_creacion, fecha_modificacion) VALUES ('Comparta', TRUE, (SELECT id FROM terceros.tipo_contribuyente WHERE codigo_abreviacion = 'P_JURIDICA'), LOCALTIMESTAMP, LOCALTIMESTAMP) RETURNING id AS user_id ) INSERT INTO terceros.tercero_tipo_tercero(tercero_id, tipo_tercero_id, activo, fecha_creacion, fecha_modificacion) SELECT user_id, (SELECT id FROM terceros.tipo_tercero WHERE codigo_abreviacion = 'EPS'), TRUE, LOCALTIMESTAMP, LOCALTIMESTAMP FROM ins1;
WITH ins1 AS ( INSERT INTO terceros.tercero(nombre_completo, activo, tipo_contribuyente_id, fecha_creacion, fecha_modificacion) VALUES ('Calisalud', TRUE, (SELECT id FROM terceros.tipo_contribuyente WHERE codigo_abreviacion = 'P_JURIDICA'), LOCALTIMESTAMP, LOCALTIMESTAMP) RETURNING id AS user_id ) INSERT INTO terceros.tercero_tipo_tercero(tercero_id, tipo_tercero_id, activo, fecha_creacion, fecha_modificacion) SELECT user_id, (SELECT id FROM terceros.tipo_tercero WHERE codigo_abreviacion = 'EPS'), TRUE, LOCALTIMESTAMP, LOCALTIMESTAMP FROM ins1;
WITH ins1 AS ( INSERT INTO terceros.tercero(nombre_completo, activo, tipo_contribuyente_id, fecha_creacion, fecha_modificacion) VALUES ('Caja de Compensación Familiar COMFENALCO ANTIOQUIA', TRUE, (SELECT id FROM terceros.tipo_contribuyente WHERE codigo_abreviacion = 'P_JURIDICA'), LOCALTIMESTAMP, LOCALTIMESTAMP) RETURNING id AS user_id ) INSERT INTO terceros.tercero_tipo_tercero(tercero_id, tipo_tercero_id, activo, fecha_creacion, fecha_modificacion) SELECT user_id, (SELECT id FROM terceros.tipo_tercero WHERE codigo_abreviacion = 'CAJA_COMPENSACIÓN'), TRUE, LOCALTIMESTAMP, LOCALTIMESTAMP FROM ins1;
WITH ins1 AS ( INSERT INTO terceros.tercero(nombre_completo, activo, tipo_contribuyente_id, fecha_creacion, fecha_modificacion) VALUES ('Caja de Compensación Familiar de Antioquia COMFAMA', TRUE, (SELECT id FROM terceros.tipo_contribuyente WHERE codigo_abreviacion = 'P_JURIDICA'), LOCALTIMESTAMP, LOCALTIMESTAMP) RETURNING id AS user_id ) INSERT INTO terceros.tercero_tipo_tercero(tercero_id, tipo_tercero_id, activo, fecha_creacion, fecha_modificacion) SELECT user_id, (SELECT id FROM terceros.tipo_tercero WHERE codigo_abreviacion = 'CAJA_COMPENSACIÓN'), TRUE, LOCALTIMESTAMP, LOCALTIMESTAMP FROM ins1;
WITH ins1 AS ( INSERT INTO terceros.tercero(nombre_completo, activo, tipo_contribuyente_id, fecha_creacion, fecha_modificacion) VALUES ('Caja de Compensación Familiar CAJACOPI ATLANTICO', TRUE, (SELECT id FROM terceros.tipo_contribuyente WHERE codigo_abreviacion = 'P_JURIDICA'), LOCALTIMESTAMP, LOCALTIMESTAMP) RETURNING id AS user_id ) INSERT INTO terceros.tercero_tipo_tercero(tercero_id, tipo_tercero_id, activo, fecha_creacion, fecha_modificacion) SELECT user_id, (SELECT id FROM terceros.tipo_tercero WHERE codigo_abreviacion = 'CAJA_COMPENSACIÓN'), TRUE, LOCALTIMESTAMP, LOCALTIMESTAMP FROM ins1;
WITH ins1 AS ( INSERT INTO terceros.tercero(nombre_completo, activo, tipo_contribuyente_id, fecha_creacion, fecha_modificacion) VALUES ('Caja de Compensación Familiar de Barranquilla COMBARRANQUILLA', TRUE, (SELECT id FROM terceros.tipo_contribuyente WHERE codigo_abreviacion = 'P_JURIDICA'), LOCALTIMESTAMP, LOCALTIMESTAMP) RETURNING id AS user_id ) INSERT INTO terceros.tercero_tipo_tercero(tercero_id, tipo_tercero_id, activo, fecha_creacion, fecha_modificacion) SELECT user_id, (SELECT id FROM terceros.tipo_tercero WHERE codigo_abreviacion = 'CAJA_COMPENSACIÓN'), TRUE, LOCALTIMESTAMP, LOCALTIMESTAMP FROM ins1;
WITH ins1 AS ( INSERT INTO terceros.tercero(nombre_completo, activo, tipo_contribuyente_id, fecha_creacion, fecha_modificacion) VALUES ('Caja de Compensación Familiar COMFAMILIAR DEL ATLANTICO', TRUE, (SELECT id FROM terceros.tipo_contribuyente WHERE codigo_abreviacion = 'P_JURIDICA'), LOCALTIMESTAMP, LOCALTIMESTAMP) RETURNING id AS user_id ) INSERT INTO terceros.tercero_tipo_tercero(tercero_id, tipo_tercero_id, activo, fecha_creacion, fecha_modificacion) SELECT user_id, (SELECT id FROM terceros.tipo_tercero WHERE codigo_abreviacion = 'CAJA_COMPENSACIÓN'), TRUE, LOCALTIMESTAMP, LOCALTIMESTAMP FROM ins1;
WITH ins1 AS ( INSERT INTO terceros.tercero(nombre_completo, activo, tipo_contribuyente_id, fecha_creacion, fecha_modificacion) VALUES ('Caja de Compensación Familiar de Fenalco - Andi COMFENALCO CARTAGENA', TRUE, (SELECT id FROM terceros.tipo_contribuyente WHERE codigo_abreviacion = 'P_JURIDICA'), LOCALTIMESTAMP, LOCALTIMESTAMP) RETURNING id AS user_id ) INSERT INTO terceros.tercero_tipo_tercero(tercero_id, tipo_tercero_id, activo, fecha_creacion, fecha_modificacion) SELECT user_id, (SELECT id FROM terceros.tipo_tercero WHERE codigo_abreviacion = 'CAJA_COMPENSACIÓN'), TRUE, LOCALTIMESTAMP, LOCALTIMESTAMP FROM ins1;
WITH ins1 AS ( INSERT INTO terceros.tercero(nombre_completo, activo, tipo_contribuyente_id, fecha_creacion, fecha_modificacion) VALUES ('Caja de Compensación Familiar de Cartagena', TRUE, (SELECT id FROM terceros.tipo_contribuyente WHERE codigo_abreviacion = 'P_JURIDICA'), LOCALTIMESTAMP, LOCALTIMESTAMP) RETURNING id AS user_id ) INSERT INTO terceros.tercero_tipo_tercero(tercero_id, tipo_tercero_id, activo, fecha_creacion, fecha_modificacion) SELECT user_id, (SELECT id FROM terceros.tipo_tercero WHERE codigo_abreviacion = 'CAJA_COMPENSACIÓN'), TRUE, LOCALTIMESTAMP, LOCALTIMESTAMP FROM ins1;
WITH ins1 AS ( INSERT INTO terceros.tercero(nombre_completo, activo, tipo_contribuyente_id, fecha_creacion, fecha_modificacion) VALUES ('Caja de Compensación Familiar de Caldas', TRUE, (SELECT id FROM terceros.tipo_contribuyente WHERE codigo_abreviacion = 'P_JURIDICA'), LOCALTIMESTAMP, LOCALTIMESTAMP) RETURNING id AS user_id ) INSERT INTO terceros.tercero_tipo_tercero(tercero_id, tipo_tercero_id, activo, fecha_creacion, fecha_modificacion) SELECT user_id, (SELECT id FROM terceros.tipo_tercero WHERE codigo_abreviacion = 'CAJA_COMPENSACIÓN'), TRUE, LOCALTIMESTAMP, LOCALTIMESTAMP FROM ins1;
WITH ins1 AS ( INSERT INTO terceros.tercero(nombre_completo, activo, tipo_contribuyente_id, fecha_creacion, fecha_modificacion) VALUES ('Caja de Compensación Familiar de la Dorada - COMFAMILIAR', TRUE, (SELECT id FROM terceros.tipo_contribuyente WHERE codigo_abreviacion = 'P_JURIDICA'), LOCALTIMESTAMP, LOCALTIMESTAMP) RETURNING id AS user_id ) INSERT INTO terceros.tercero_tipo_tercero(tercero_id, tipo_tercero_id, activo, fecha_creacion, fecha_modificacion) SELECT user_id, (SELECT id FROM terceros.tipo_tercero WHERE codigo_abreviacion = 'CAJA_COMPENSACIÓN'), TRUE, LOCALTIMESTAMP, LOCALTIMESTAMP FROM ins1;
WITH ins1 AS ( INSERT INTO terceros.tercero(nombre_completo, activo, tipo_contribuyente_id, fecha_creacion, fecha_modificacion) VALUES ('Caja de Compensación Familiar del Caquetá - COMFACA', TRUE, (SELECT id FROM terceros.tipo_contribuyente WHERE codigo_abreviacion = 'P_JURIDICA'), LOCALTIMESTAMP, LOCALTIMESTAMP) RETURNING id AS user_id ) INSERT INTO terceros.tercero_tipo_tercero(tercero_id, tipo_tercero_id, activo, fecha_creacion, fecha_modificacion) SELECT user_id, (SELECT id FROM terceros.tipo_tercero WHERE codigo_abreviacion = 'CAJA_COMPENSACIÓN'), TRUE, LOCALTIMESTAMP, LOCALTIMESTAMP FROM ins1;
WITH ins1 AS ( INSERT INTO terceros.tercero(nombre_completo, activo, tipo_contribuyente_id, fecha_creacion, fecha_modificacion) VALUES ('Caja de Compensación Familiar del Cauca - COMFACAUCA', TRUE, (SELECT id FROM terceros.tipo_contribuyente WHERE codigo_abreviacion = 'P_JURIDICA'), LOCALTIMESTAMP, LOCALTIMESTAMP) RETURNING id AS user_id ) INSERT INTO terceros.tercero_tipo_tercero(tercero_id, tipo_tercero_id, activo, fecha_creacion, fecha_modificacion) SELECT user_id, (SELECT id FROM terceros.tipo_tercero WHERE codigo_abreviacion = 'CAJA_COMPENSACIÓN'), TRUE, LOCALTIMESTAMP, LOCALTIMESTAMP FROM ins1;
WITH ins1 AS ( INSERT INTO terceros.tercero(nombre_completo, activo, tipo_contribuyente_id, fecha_creacion, fecha_modificacion) VALUES ('Caja de Compensación Familiar del Cesar COMFACESAR', TRUE, (SELECT id FROM terceros.tipo_contribuyente WHERE codigo_abreviacion = 'P_JURIDICA'), LOCALTIMESTAMP, LOCALTIMESTAMP) RETURNING id AS user_id ) INSERT INTO terceros.tercero_tipo_tercero(tercero_id, tipo_tercero_id, activo, fecha_creacion, fecha_modificacion) SELECT user_id, (SELECT id FROM terceros.tipo_tercero WHERE codigo_abreviacion = 'CAJA_COMPENSACIÓN'), TRUE, LOCALTIMESTAMP, LOCALTIMESTAMP FROM ins1;
WITH ins1 AS ( INSERT INTO terceros.tercero(nombre_completo, activo, tipo_contribuyente_id, fecha_creacion, fecha_modificacion) VALUES ('Caja de Compensación Familiar de Córdoba COMFACOR', TRUE, (SELECT id FROM terceros.tipo_contribuyente WHERE codigo_abreviacion = 'P_JURIDICA'), LOCALTIMESTAMP, LOCALTIMESTAMP) RETURNING id AS user_id ) INSERT INTO terceros.tercero_tipo_tercero(tercero_id, tipo_tercero_id, activo, fecha_creacion, fecha_modificacion) SELECT user_id, (SELECT id FROM terceros.tipo_tercero WHERE codigo_abreviacion = 'CAJA_COMPENSACIÓN'), TRUE, LOCALTIMESTAMP, LOCALTIMESTAMP FROM ins1;
WITH ins1 AS ( INSERT INTO terceros.tercero(nombre_completo, activo, tipo_contribuyente_id, fecha_creacion, fecha_modificacion) VALUES ('Caja de Compensación Familiar AFIDRO', TRUE, (SELECT id FROM terceros.tipo_contribuyente WHERE codigo_abreviacion = 'P_JURIDICA'), LOCALTIMESTAMP, LOCALTIMESTAMP) RETURNING id AS user_id ) INSERT INTO terceros.tercero_tipo_tercero(tercero_id, tipo_tercero_id, activo, fecha_creacion, fecha_modificacion) SELECT user_id, (SELECT id FROM terceros.tipo_tercero WHERE codigo_abreviacion = 'CAJA_COMPENSACIÓN'), TRUE, LOCALTIMESTAMP, LOCALTIMESTAMP FROM ins1;
WITH ins1 AS ( INSERT INTO terceros.tercero(nombre_completo, activo, tipo_contribuyente_id, fecha_creacion, fecha_modificacion) VALUES ('Caja de Compensación Familiar ASFAMILIAS', TRUE, (SELECT id FROM terceros.tipo_contribuyente WHERE codigo_abreviacion = 'P_JURIDICA'), LOCALTIMESTAMP, LOCALTIMESTAMP) RETURNING id AS user_id ) INSERT INTO terceros.tercero_tipo_tercero(tercero_id, tipo_tercero_id, activo, fecha_creacion, fecha_modificacion) SELECT user_id, (SELECT id FROM terceros.tipo_tercero WHERE codigo_abreviacion = 'CAJA_COMPENSACIÓN'), TRUE, LOCALTIMESTAMP, LOCALTIMESTAMP FROM ins1;
WITH ins1 AS ( INSERT INTO terceros.tercero(nombre_completo, activo, tipo_contribuyente_id, fecha_creacion, fecha_modificacion) VALUES ('Caja de Compensación Familiar de Fenalco COMFENALCO CUNDINAMARCA', TRUE, (SELECT id FROM terceros.tipo_contribuyente WHERE codigo_abreviacion = 'P_JURIDICA'), LOCALTIMESTAMP, LOCALTIMESTAMP) RETURNING id AS user_id ) INSERT INTO terceros.tercero_tipo_tercero(tercero_id, tipo_tercero_id, activo, fecha_creacion, fecha_modificacion) SELECT user_id, (SELECT id FROM terceros.tipo_tercero WHERE codigo_abreviacion = 'CAJA_COMPENSACIÓN'), TRUE, LOCALTIMESTAMP, LOCALTIMESTAMP FROM ins1;
WITH ins1 AS ( INSERT INTO terceros.tercero(nombre_completo, activo, tipo_contribuyente_id, fecha_creacion, fecha_modificacion) VALUES ('Caja de Compensación Familiar de Cundinamarca - COMFACUNDI', TRUE, (SELECT id FROM terceros.tipo_contribuyente WHERE codigo_abreviacion = 'P_JURIDICA'), LOCALTIMESTAMP, LOCALTIMESTAMP) RETURNING id AS user_id ) INSERT INTO terceros.tercero_tipo_tercero(tercero_id, tipo_tercero_id, activo, fecha_creacion, fecha_modificacion) SELECT user_id, (SELECT id FROM terceros.tipo_tercero WHERE codigo_abreviacion = 'CAJA_COMPENSACIÓN'), TRUE, LOCALTIMESTAMP, LOCALTIMESTAMP FROM ins1;
WITH ins1 AS ( INSERT INTO terceros.tercero(nombre_completo, activo, tipo_contribuyente_id, fecha_creacion, fecha_modificacion) VALUES ('Caja de Compensación Familiar de Girardot COMGIRARDOT (en liquidación)', TRUE, (SELECT id FROM terceros.tipo_contribuyente WHERE codigo_abreviacion = 'P_JURIDICA'), LOCALTIMESTAMP, LOCALTIMESTAMP) RETURNING id AS user_id ) INSERT INTO terceros.tercero_tipo_tercero(tercero_id, tipo_tercero_id, activo, fecha_creacion, fecha_modificacion) SELECT user_id, (SELECT id FROM terceros.tipo_tercero WHERE codigo_abreviacion = 'CAJA_COMPENSACIÓN'), TRUE, LOCALTIMESTAMP, LOCALTIMESTAMP FROM ins1;
WITH ins1 AS ( INSERT INTO terceros.tercero(nombre_completo, activo, tipo_contribuyente_id, fecha_creacion, fecha_modificacion) VALUES ('Caja de Compensación Familiar del Chocó', TRUE, (SELECT id FROM terceros.tipo_contribuyente WHERE codigo_abreviacion = 'P_JURIDICA'), LOCALTIMESTAMP, LOCALTIMESTAMP) RETURNING id AS user_id ) INSERT INTO terceros.tercero_tipo_tercero(tercero_id, tipo_tercero_id, activo, fecha_creacion, fecha_modificacion) SELECT user_id, (SELECT id FROM terceros.tipo_tercero WHERE codigo_abreviacion = 'CAJA_COMPENSACIÓN'), TRUE, LOCALTIMESTAMP, LOCALTIMESTAMP FROM ins1;
WITH ins1 AS ( INSERT INTO terceros.tercero(nombre_completo, activo, tipo_contribuyente_id, fecha_creacion, fecha_modificacion) VALUES ('Caja de Compensación Familiar de la Guajira', TRUE, (SELECT id FROM terceros.tipo_contribuyente WHERE codigo_abreviacion = 'P_JURIDICA'), LOCALTIMESTAMP, LOCALTIMESTAMP) RETURNING id AS user_id ) INSERT INTO terceros.tercero_tipo_tercero(tercero_id, tipo_tercero_id, activo, fecha_creacion, fecha_modificacion) SELECT user_id, (SELECT id FROM terceros.tipo_tercero WHERE codigo_abreviacion = 'CAJA_COMPENSACIÓN'), TRUE, LOCALTIMESTAMP, LOCALTIMESTAMP FROM ins1;
WITH ins1 AS ( INSERT INTO terceros.tercero(nombre_completo, activo, tipo_contribuyente_id, fecha_creacion, fecha_modificacion) VALUES ('Caja de Compensación Familiar del Huila - COMFAMILIAR', TRUE, (SELECT id FROM terceros.tipo_contribuyente WHERE codigo_abreviacion = 'P_JURIDICA'), LOCALTIMESTAMP, LOCALTIMESTAMP) RETURNING id AS user_id ) INSERT INTO terceros.tercero_tipo_tercero(tercero_id, tipo_tercero_id, activo, fecha_creacion, fecha_modificacion) SELECT user_id, (SELECT id FROM terceros.tipo_tercero WHERE codigo_abreviacion = 'CAJA_COMPENSACIÓN'), TRUE, LOCALTIMESTAMP, LOCALTIMESTAMP FROM ins1;
WITH ins1 AS ( INSERT INTO terceros.tercero(nombre_completo, activo, tipo_contribuyente_id, fecha_creacion, fecha_modificacion) VALUES ('Caja de Compensación Familiar del Magdalena', TRUE, (SELECT id FROM terceros.tipo_contribuyente WHERE codigo_abreviacion = 'P_JURIDICA'), LOCALTIMESTAMP, LOCALTIMESTAMP) RETURNING id AS user_id ) INSERT INTO terceros.tercero_tipo_tercero(tercero_id, tipo_tercero_id, activo, fecha_creacion, fecha_modificacion) SELECT user_id, (SELECT id FROM terceros.tipo_tercero WHERE codigo_abreviacion = 'CAJA_COMPENSACIÓN'), TRUE, LOCALTIMESTAMP, LOCALTIMESTAMP FROM ins1;
WITH ins1 AS ( INSERT INTO terceros.tercero(nombre_completo, activo, tipo_contribuyente_id, fecha_creacion, fecha_modificacion) VALUES ('Caja de Compensación Familiar de Nariño', TRUE, (SELECT id FROM terceros.tipo_contribuyente WHERE codigo_abreviacion = 'P_JURIDICA'), LOCALTIMESTAMP, LOCALTIMESTAMP) RETURNING id AS user_id ) INSERT INTO terceros.tercero_tipo_tercero(tercero_id, tipo_tercero_id, activo, fecha_creacion, fecha_modificacion) SELECT user_id, (SELECT id FROM terceros.tipo_tercero WHERE codigo_abreviacion = 'CAJA_COMPENSACIÓN'), TRUE, LOCALTIMESTAMP, LOCALTIMESTAMP FROM ins1;
WITH ins1 AS ( INSERT INTO terceros.tercero(nombre_completo, activo, tipo_contribuyente_id, fecha_creacion, fecha_modificacion) VALUES ('Caja de Compensación Familiar del Oriente Colombiano COMFAORIENTE', TRUE, (SELECT id FROM terceros.tipo_contribuyente WHERE codigo_abreviacion = 'P_JURIDICA'), LOCALTIMESTAMP, LOCALTIMESTAMP) RETURNING id AS user_id ) INSERT INTO terceros.tercero_tipo_tercero(tercero_id, tipo_tercero_id, activo, fecha_creacion, fecha_modificacion) SELECT user_id, (SELECT id FROM terceros.tipo_tercero WHERE codigo_abreviacion = 'CAJA_COMPENSACIÓN'), TRUE, LOCALTIMESTAMP, LOCALTIMESTAMP FROM ins1;
WITH ins1 AS ( INSERT INTO terceros.tercero(nombre_completo, activo, tipo_contribuyente_id, fecha_creacion, fecha_modificacion) VALUES ('Caja de Compensación Familiar del Norte de Santander COMFANORTE', TRUE, (SELECT id FROM terceros.tipo_contribuyente WHERE codigo_abreviacion = 'P_JURIDICA'), LOCALTIMESTAMP, LOCALTIMESTAMP) RETURNING id AS user_id ) INSERT INTO terceros.tercero_tipo_tercero(tercero_id, tipo_tercero_id, activo, fecha_creacion, fecha_modificacion) SELECT user_id, (SELECT id FROM terceros.tipo_tercero WHERE codigo_abreviacion = 'CAJA_COMPENSACIÓN'), TRUE, LOCALTIMESTAMP, LOCALTIMESTAMP FROM ins1;
WITH ins1 AS ( INSERT INTO terceros.tercero(nombre_completo, activo, tipo_contribuyente_id, fecha_creacion, fecha_modificacion) VALUES ('Caja de Compensación Familiar de Barrancabermeja CAFABA', TRUE, (SELECT id FROM terceros.tipo_contribuyente WHERE codigo_abreviacion = 'P_JURIDICA'), LOCALTIMESTAMP, LOCALTIMESTAMP) RETURNING id AS user_id ) INSERT INTO terceros.tercero_tipo_tercero(tercero_id, tipo_tercero_id, activo, fecha_creacion, fecha_modificacion) SELECT user_id, (SELECT id FROM terceros.tipo_tercero WHERE codigo_abreviacion = 'CAJA_COMPENSACIÓN'), TRUE, LOCALTIMESTAMP, LOCALTIMESTAMP FROM ins1;
WITH ins1 AS ( INSERT INTO terceros.tercero(nombre_completo, activo, tipo_contribuyente_id, fecha_creacion, fecha_modificacion) VALUES ('Caja Santandereana de Subsidio Familiar CAJASAN', TRUE, (SELECT id FROM terceros.tipo_contribuyente WHERE codigo_abreviacion = 'P_JURIDICA'), LOCALTIMESTAMP, LOCALTIMESTAMP) RETURNING id AS user_id ) INSERT INTO terceros.tercero_tipo_tercero(tercero_id, tipo_tercero_id, activo, fecha_creacion, fecha_modificacion) SELECT user_id, (SELECT id FROM terceros.tipo_tercero WHERE codigo_abreviacion = 'CAJA_COMPENSACIÓN'), TRUE, LOCALTIMESTAMP, LOCALTIMESTAMP FROM ins1;
WITH ins1 AS ( INSERT INTO terceros.tercero(nombre_completo, activo, tipo_contribuyente_id, fecha_creacion, fecha_modificacion) VALUES ('Caja de Compensación Familiar COMFENALCO SANTANDER', TRUE, (SELECT id FROM terceros.tipo_contribuyente WHERE codigo_abreviacion = 'P_JURIDICA'), LOCALTIMESTAMP, LOCALTIMESTAMP) RETURNING id AS user_id ) INSERT INTO terceros.tercero_tipo_tercero(tercero_id, tipo_tercero_id, activo, fecha_creacion, fecha_modificacion) SELECT user_id, (SELECT id FROM terceros.tipo_tercero WHERE codigo_abreviacion = 'CAJA_COMPENSACIÓN'), TRUE, LOCALTIMESTAMP, LOCALTIMESTAMP FROM ins1;
WITH ins1 AS ( INSERT INTO terceros.tercero(nombre_completo, activo, tipo_contribuyente_id, fecha_creacion, fecha_modificacion) VALUES ('Caja de Compensación Familiar de Sucre', TRUE, (SELECT id FROM terceros.tipo_contribuyente WHERE codigo_abreviacion = 'P_JURIDICA'), LOCALTIMESTAMP, LOCALTIMESTAMP) RETURNING id AS user_id ) INSERT INTO terceros.tercero_tipo_tercero(tercero_id, tipo_tercero_id, activo, fecha_creacion, fecha_modificacion) SELECT user_id, (SELECT id FROM terceros.tipo_tercero WHERE codigo_abreviacion = 'CAJA_COMPENSACIÓN'), TRUE, LOCALTIMESTAMP, LOCALTIMESTAMP FROM ins1;
WITH ins1 AS ( INSERT INTO terceros.tercero(nombre_completo, activo, tipo_contribuyente_id, fecha_creacion, fecha_modificacion) VALUES ('Caja de Compensación Familiar del Quindío COMFAMILIAR', TRUE, (SELECT id FROM terceros.tipo_contribuyente WHERE codigo_abreviacion = 'P_JURIDICA'), LOCALTIMESTAMP, LOCALTIMESTAMP) RETURNING id AS user_id ) INSERT INTO terceros.tercero_tipo_tercero(tercero_id, tipo_tercero_id, activo, fecha_creacion, fecha_modificacion) SELECT user_id, (SELECT id FROM terceros.tipo_tercero WHERE codigo_abreviacion = 'CAJA_COMPENSACIÓN'), TRUE, LOCALTIMESTAMP, LOCALTIMESTAMP FROM ins1;
WITH ins1 AS ( INSERT INTO terceros.tercero(nombre_completo, activo, tipo_contribuyente_id, fecha_creacion, fecha_modificacion) VALUES ('Caja de Compensación Familiar de Fenalco COMFENALCO QUINDIO', TRUE, (SELECT id FROM terceros.tipo_contribuyente WHERE codigo_abreviacion = 'P_JURIDICA'), LOCALTIMESTAMP, LOCALTIMESTAMP) RETURNING id AS user_id ) INSERT INTO terceros.tercero_tipo_tercero(tercero_id, tipo_tercero_id, activo, fecha_creacion, fecha_modificacion) SELECT user_id, (SELECT id FROM terceros.tipo_tercero WHERE codigo_abreviacion = 'CAJA_COMPENSACIÓN'), TRUE, LOCALTIMESTAMP, LOCALTIMESTAMP FROM ins1;
WITH ins1 AS ( INSERT INTO terceros.tercero(nombre_completo, activo, tipo_contribuyente_id, fecha_creacion, fecha_modificacion) VALUES ('Caja de Compensación Familiar de Risaralda- COMFAMILIAR RISARALDA', TRUE, (SELECT id FROM terceros.tipo_contribuyente WHERE codigo_abreviacion = 'P_JURIDICA'), LOCALTIMESTAMP, LOCALTIMESTAMP) RETURNING id AS user_id ) INSERT INTO terceros.tercero_tipo_tercero(tercero_id, tipo_tercero_id, activo, fecha_creacion, fecha_modificacion) SELECT user_id, (SELECT id FROM terceros.tipo_tercero WHERE codigo_abreviacion = 'CAJA_COMPENSACIÓN'), TRUE, LOCALTIMESTAMP, LOCALTIMESTAMP FROM ins1;
WITH ins1 AS ( INSERT INTO terceros.tercero(nombre_completo, activo, tipo_contribuyente_id, fecha_creacion, fecha_modificacion) VALUES ('Caja de Compensación Familiar del Sur del Tolima CAFASUR', TRUE, (SELECT id FROM terceros.tipo_contribuyente WHERE codigo_abreviacion = 'P_JURIDICA'), LOCALTIMESTAMP, LOCALTIMESTAMP) RETURNING id AS user_id ) INSERT INTO terceros.tercero_tipo_tercero(tercero_id, tipo_tercero_id, activo, fecha_creacion, fecha_modificacion) SELECT user_id, (SELECT id FROM terceros.tipo_tercero WHERE codigo_abreviacion = 'CAJA_COMPENSACIÓN'), TRUE, LOCALTIMESTAMP, LOCALTIMESTAMP FROM ins1;
WITH ins1 AS ( INSERT INTO terceros.tercero(nombre_completo, activo, tipo_contribuyente_id, fecha_creacion, fecha_modificacion) VALUES ('Caja de Compensación Familiar de Honda COMFAHONDA', TRUE, (SELECT id FROM terceros.tipo_contribuyente WHERE codigo_abreviacion = 'P_JURIDICA'), LOCALTIMESTAMP, LOCALTIMESTAMP) RETURNING id AS user_id ) INSERT INTO terceros.tercero_tipo_tercero(tercero_id, tipo_tercero_id, activo, fecha_creacion, fecha_modificacion) SELECT user_id, (SELECT id FROM terceros.tipo_tercero WHERE codigo_abreviacion = 'CAJA_COMPENSACIÓN'), TRUE, LOCALTIMESTAMP, LOCALTIMESTAMP FROM ins1;
WITH ins1 AS ( INSERT INTO terceros.tercero(nombre_completo, activo, tipo_contribuyente_id, fecha_creacion, fecha_modificacion) VALUES ('Caja de Compensación Familiar del Tolima COMFATOLIMA', TRUE, (SELECT id FROM terceros.tipo_contribuyente WHERE codigo_abreviacion = 'P_JURIDICA'), LOCALTIMESTAMP, LOCALTIMESTAMP) RETURNING id AS user_id ) INSERT INTO terceros.tercero_tipo_tercero(tercero_id, tipo_tercero_id, activo, fecha_creacion, fecha_modificacion) SELECT user_id, (SELECT id FROM terceros.tipo_tercero WHERE codigo_abreviacion = 'CAJA_COMPENSACIÓN'), TRUE, LOCALTIMESTAMP, LOCALTIMESTAMP FROM ins1;
WITH ins1 AS ( INSERT INTO terceros.tercero(nombre_completo, activo, tipo_contribuyente_id, fecha_creacion, fecha_modificacion) VALUES ('Caja de Compensación Familiar de Fenalco del Tolima - COMFENALCO', TRUE, (SELECT id FROM terceros.tipo_contribuyente WHERE codigo_abreviacion = 'P_JURIDICA'), LOCALTIMESTAMP, LOCALTIMESTAMP) RETURNING id AS user_id ) INSERT INTO terceros.tercero_tipo_tercero(tercero_id, tipo_tercero_id, activo, fecha_creacion, fecha_modificacion) SELECT user_id, (SELECT id FROM terceros.tipo_tercero WHERE codigo_abreviacion = 'CAJA_COMPENSACIÓN'), TRUE, LOCALTIMESTAMP, LOCALTIMESTAMP FROM ins1;
WITH ins1 AS ( INSERT INTO terceros.tercero(nombre_completo, activo, tipo_contribuyente_id, fecha_creacion, fecha_modificacion) VALUES ('Caja de Compensación Familiar de Buenaventura', TRUE, (SELECT id FROM terceros.tipo_contribuyente WHERE codigo_abreviacion = 'P_JURIDICA'), LOCALTIMESTAMP, LOCALTIMESTAMP) RETURNING id AS user_id ) INSERT INTO terceros.tercero_tipo_tercero(tercero_id, tipo_tercero_id, activo, fecha_creacion, fecha_modificacion) SELECT user_id, (SELECT id FROM terceros.tipo_tercero WHERE codigo_abreviacion = 'CAJA_COMPENSACIÓN'), TRUE, LOCALTIMESTAMP, LOCALTIMESTAMP FROM ins1;
WITH ins1 AS ( INSERT INTO terceros.tercero(nombre_completo, activo, tipo_contribuyente_id, fecha_creacion, fecha_modificacion) VALUES ('Caja de Compensación Familiar Comfenalco del Valle del Cauca - COMFENALCO VALLE', TRUE, (SELECT id FROM terceros.tipo_contribuyente WHERE codigo_abreviacion = 'P_JURIDICA'), LOCALTIMESTAMP, LOCALTIMESTAMP) RETURNING id AS user_id ) INSERT INTO terceros.tercero_tipo_tercero(tercero_id, tipo_tercero_id, activo, fecha_creacion, fecha_modificacion) SELECT user_id, (SELECT id FROM terceros.tipo_tercero WHERE codigo_abreviacion = 'CAJA_COMPENSACIÓN'), TRUE, LOCALTIMESTAMP, LOCALTIMESTAMP FROM ins1;
WITH ins1 AS ( INSERT INTO terceros.tercero(nombre_completo, activo, tipo_contribuyente_id, fecha_creacion, fecha_modificacion) VALUES ('Caja de Compensación Familiar del Valle del Cauca COMFAMILIAR ANDI - COMFANDI', TRUE, (SELECT id FROM terceros.tipo_contribuyente WHERE codigo_abreviacion = 'P_JURIDICA'), LOCALTIMESTAMP, LOCALTIMESTAMP) RETURNING id AS user_id ) INSERT INTO terceros.tercero_tipo_tercero(tercero_id, tipo_tercero_id, activo, fecha_creacion, fecha_modificacion) SELECT user_id, (SELECT id FROM terceros.tipo_tercero WHERE codigo_abreviacion = 'CAJA_COMPENSACIÓN'), TRUE, LOCALTIMESTAMP, LOCALTIMESTAMP FROM ins1;
WITH ins1 AS ( INSERT INTO terceros.tercero(nombre_completo, activo, tipo_contribuyente_id, fecha_creacion, fecha_modificacion) VALUES ('Caja de Compensación Familiar de Cartago - Comfacartago', TRUE, (SELECT id FROM terceros.tipo_contribuyente WHERE codigo_abreviacion = 'P_JURIDICA'), LOCALTIMESTAMP, LOCALTIMESTAMP) RETURNING id AS user_id ) INSERT INTO terceros.tercero_tipo_tercero(tercero_id, tipo_tercero_id, activo, fecha_creacion, fecha_modificacion) SELECT user_id, (SELECT id FROM terceros.tipo_tercero WHERE codigo_abreviacion = 'CAJA_COMPENSACIÓN'), TRUE, LOCALTIMESTAMP, LOCALTIMESTAMP FROM ins1;
WITH ins1 AS ( INSERT INTO terceros.tercero(nombre_completo, activo, tipo_contribuyente_id, fecha_creacion, fecha_modificacion) VALUES ('Caja de Compensación Familiar Comfamiliares Unidas del Valle COMFAUNION', TRUE, (SELECT id FROM terceros.tipo_contribuyente WHERE codigo_abreviacion = 'P_JURIDICA'), LOCALTIMESTAMP, LOCALTIMESTAMP) RETURNING id AS user_id ) INSERT INTO terceros.tercero_tipo_tercero(tercero_id, tipo_tercero_id, activo, fecha_creacion, fecha_modificacion) SELECT user_id, (SELECT id FROM terceros.tipo_tercero WHERE codigo_abreviacion = 'CAJA_COMPENSACIÓN'), TRUE, LOCALTIMESTAMP, LOCALTIMESTAMP FROM ins1;
WITH ins1 AS ( INSERT INTO terceros.tercero(nombre_completo, activo, tipo_contribuyente_id, fecha_creacion, fecha_modificacion) VALUES ('Caja de Compensación Familiar de Tuluá - Comfamiliar de Tuluá', TRUE, (SELECT id FROM terceros.tipo_contribuyente WHERE codigo_abreviacion = 'P_JURIDICA'), LOCALTIMESTAMP, LOCALTIMESTAMP) RETURNING id AS user_id ) INSERT INTO terceros.tercero_tipo_tercero(tercero_id, tipo_tercero_id, activo, fecha_creacion, fecha_modificacion) SELECT user_id, (SELECT id FROM terceros.tipo_tercero WHERE codigo_abreviacion = 'CAJA_COMPENSACIÓN'), TRUE, LOCALTIMESTAMP, LOCALTIMESTAMP FROM ins1;
WITH ins1 AS ( INSERT INTO terceros.tercero(nombre_completo, activo, tipo_contribuyente_id, fecha_creacion, fecha_modificacion) VALUES ('Caja de Compensación Familiar del Putumayo - COMFAMILIAR PUTUMAYO', TRUE, (SELECT id FROM terceros.tipo_contribuyente WHERE codigo_abreviacion = 'P_JURIDICA'), LOCALTIMESTAMP, LOCALTIMESTAMP) RETURNING id AS user_id ) INSERT INTO terceros.tercero_tipo_tercero(tercero_id, tipo_tercero_id, activo, fecha_creacion, fecha_modificacion) SELECT user_id, (SELECT id FROM terceros.tipo_tercero WHERE codigo_abreviacion = 'CAJA_COMPENSACIÓN'), TRUE, LOCALTIMESTAMP, LOCALTIMESTAMP FROM ins1;
WITH ins1 AS ( INSERT INTO terceros.tercero(nombre_completo, activo, tipo_contribuyente_id, fecha_creacion, fecha_modificacion) VALUES ('Caja de Compensación Familiar de San Andrés y Providencia, Islas CAJASAI', TRUE, (SELECT id FROM terceros.tipo_contribuyente WHERE codigo_abreviacion = 'P_JURIDICA'), LOCALTIMESTAMP, LOCALTIMESTAMP) RETURNING id AS user_id ) INSERT INTO terceros.tercero_tipo_tercero(tercero_id, tipo_tercero_id, activo, fecha_creacion, fecha_modificacion) SELECT user_id, (SELECT id FROM terceros.tipo_tercero WHERE codigo_abreviacion = 'CAJA_COMPENSACIÓN'), TRUE, LOCALTIMESTAMP, LOCALTIMESTAMP FROM ins1;
WITH ins1 AS ( INSERT INTO terceros.tercero(nombre_completo, activo, tipo_contribuyente_id, fecha_creacion, fecha_modificacion) VALUES ('Caja de Compensación Familiar del Amazonas CAFAMAZ', TRUE, (SELECT id FROM terceros.tipo_contribuyente WHERE codigo_abreviacion = 'P_JURIDICA'), LOCALTIMESTAMP, LOCALTIMESTAMP) RETURNING id AS user_id ) INSERT INTO terceros.tercero_tipo_tercero(tercero_id, tipo_tercero_id, activo, fecha_creacion, fecha_modificacion) SELECT user_id, (SELECT id FROM terceros.tipo_tercero WHERE codigo_abreviacion = 'CAJA_COMPENSACIÓN'), TRUE, LOCALTIMESTAMP, LOCALTIMESTAMP FROM ins1;
WITH ins1 AS ( INSERT INTO terceros.tercero(nombre_completo, activo, tipo_contribuyente_id, fecha_creacion, fecha_modificacion) VALUES ('Caja de Compensación Familiar de Arauca COMFIAR', TRUE, (SELECT id FROM terceros.tipo_contribuyente WHERE codigo_abreviacion = 'P_JURIDICA'), LOCALTIMESTAMP, LOCALTIMESTAMP) RETURNING id AS user_id ) INSERT INTO terceros.tercero_tipo_tercero(tercero_id, tipo_tercero_id, activo, fecha_creacion, fecha_modificacion) SELECT user_id, (SELECT id FROM terceros.tipo_tercero WHERE codigo_abreviacion = 'CAJA_COMPENSACIÓN'), TRUE, LOCALTIMESTAMP, LOCALTIMESTAMP FROM ins1;
WITH ins1 AS ( INSERT INTO terceros.tercero(nombre_completo, activo, tipo_contribuyente_id, fecha_creacion, fecha_modificacion) VALUES ('Caja de Compensación Familiar del Casanare - COMFACASANARE', TRUE, (SELECT id FROM terceros.tipo_contribuyente WHERE codigo_abreviacion = 'P_JURIDICA'), LOCALTIMESTAMP, LOCALTIMESTAMP) RETURNING id AS user_id ) INSERT INTO terceros.tercero_tipo_tercero(tercero_id, tipo_tercero_id, activo, fecha_creacion, fecha_modificacion) SELECT user_id, (SELECT id FROM terceros.tipo_tercero WHERE codigo_abreviacion = 'CAJA_COMPENSACIÓN'), TRUE, LOCALTIMESTAMP, LOCALTIMESTAMP FROM ins1;
WITH ins1 AS ( INSERT INTO terceros.tercero(nombre_completo, activo, tipo_contribuyente_id, fecha_creacion, fecha_modificacion) VALUES ('Fondos de Pensiones y Cesantía Santander S.A.', TRUE, (SELECT id FROM terceros.tipo_contribuyente WHERE codigo_abreviacion = 'P_JURIDICA'), LOCALTIMESTAMP, LOCALTIMESTAMP) RETURNING id AS user_id ) INSERT INTO terceros.tercero_tipo_tercero(tercero_id, tipo_tercero_id, activo, fecha_creacion, fecha_modificacion) SELECT user_id, (SELECT id FROM terceros.tipo_tercero WHERE codigo_abreviacion = 'F_PENSION'), TRUE, LOCALTIMESTAMP, LOCALTIMESTAMP FROM ins1;
WITH ins1 AS ( INSERT INTO terceros.tercero(nombre_completo, activo, tipo_contribuyente_id, fecha_creacion, fecha_modificacion) VALUES ('Compañía Colombiana Administradora de Fondos de Pensiones y Cesantías S.A. COLFONDOS', TRUE, (SELECT id FROM terceros.tipo_contribuyente WHERE codigo_abreviacion = 'P_JURIDICA'), LOCALTIMESTAMP, LOCALTIMESTAMP) RETURNING id AS user_id ) INSERT INTO terceros.tercero_tipo_tercero(tercero_id, tipo_tercero_id, activo, fecha_creacion, fecha_modificacion) SELECT user_id, (SELECT id FROM terceros.tipo_tercero WHERE codigo_abreviacion = 'F_PENSION'), TRUE, LOCALTIMESTAMP, LOCALTIMESTAMP FROM ins1;
WITH ins1 AS ( INSERT INTO terceros.tercero(nombre_completo, activo, tipo_contribuyente_id, fecha_creacion, fecha_modificacion) VALUES ('Instituto de Seguros Sociales I.S.S. Riesgos Profesionales', TRUE, (SELECT id FROM terceros.tipo_contribuyente WHERE codigo_abreviacion = 'P_JURIDICA'), LOCALTIMESTAMP, LOCALTIMESTAMP) RETURNING id AS user_id ) INSERT INTO terceros.tercero_tipo_tercero(tercero_id, tipo_tercero_id, activo, fecha_creacion, fecha_modificacion) SELECT user_id, (SELECT id FROM terceros.tipo_tercero WHERE codigo_abreviacion = 'F_PENSION'), TRUE, LOCALTIMESTAMP, LOCALTIMESTAMP FROM ins1;
WITH ins1 AS ( INSERT INTO terceros.tercero(nombre_completo, activo, tipo_contribuyente_id, fecha_creacion, fecha_modificacion) VALUES ('Instituto de Seguros Sociales I.S.S. Pensiones', TRUE, (SELECT id FROM terceros.tipo_contribuyente WHERE codigo_abreviacion = 'P_JURIDICA'), LOCALTIMESTAMP, LOCALTIMESTAMP) RETURNING id AS user_id ) INSERT INTO terceros.tercero_tipo_tercero(tercero_id, tipo_tercero_id, activo, fecha_creacion, fecha_modificacion) SELECT user_id, (SELECT id FROM terceros.tipo_tercero WHERE codigo_abreviacion = 'F_PENSION'), TRUE, LOCALTIMESTAMP, LOCALTIMESTAMP FROM ins1;
WITH ins1 AS ( INSERT INTO terceros.tercero(nombre_completo, activo, tipo_contribuyente_id, fecha_creacion, fecha_modificacion) VALUES ('Caja de Auxilios y Prestaciones de la Asociación Colombiana de Aviadores Civiles Acdac Caxdac""', TRUE, (SELECT id FROM terceros.tipo_contribuyente WHERE codigo_abreviacion = 'P_JURIDICA'), LOCALTIMESTAMP, LOCALTIMESTAMP) RETURNING id AS user_id ) INSERT INTO terceros.tercero_tipo_tercero(tercero_id, tipo_tercero_id, activo, fecha_creacion, fecha_modificacion) SELECT user_id, (SELECT id FROM terceros.tipo_tercero WHERE codigo_abreviacion = 'F_PENSION'), TRUE, LOCALTIMESTAMP, LOCALTIMESTAMP FROM ins1;
WITH ins1 AS ( INSERT INTO terceros.tercero(nombre_completo, activo, tipo_contribuyente_id, fecha_creacion, fecha_modificacion) VALUES ('Caja de Previsión Social de Comunicaciones -Caprecom-', TRUE, (SELECT id FROM terceros.tipo_contribuyente WHERE codigo_abreviacion = 'P_JURIDICA'), LOCALTIMESTAMP, LOCALTIMESTAMP) RETURNING id AS user_id ) INSERT INTO terceros.tercero_tipo_tercero(tercero_id, tipo_tercero_id, activo, fecha_creacion, fecha_modificacion) SELECT user_id, (SELECT id FROM terceros.tipo_tercero WHERE codigo_abreviacion = 'F_PENSION'), TRUE, LOCALTIMESTAMP, LOCALTIMESTAMP FROM ins1;
WITH ins1 AS ( INSERT INTO terceros.tercero(nombre_completo, activo, tipo_contribuyente_id, fecha_creacion, fecha_modificacion) VALUES ('Caja Nacional de Previsión Social - CAJANAL E.I.C.E', TRUE, (SELECT id FROM terceros.tipo_contribuyente WHERE codigo_abreviacion = 'P_JURIDICA'), LOCALTIMESTAMP, LOCALTIMESTAMP) RETURNING id AS user_id ) INSERT INTO terceros.tercero_tipo_tercero(tercero_id, tipo_tercero_id, activo, fecha_creacion, fecha_modificacion) SELECT user_id, (SELECT id FROM terceros.tipo_tercero WHERE codigo_abreviacion = 'F_PENSION'), TRUE, LOCALTIMESTAMP, LOCALTIMESTAMP FROM ins1;
WITH ins1 AS ( INSERT INTO terceros.tercero(nombre_completo, activo, tipo_contribuyente_id, fecha_creacion, fecha_modificacion) VALUES ('Caja de Previsión Social de Los Trabajadores de la Universidad del Cauca', TRUE, (SELECT id FROM terceros.tipo_contribuyente WHERE codigo_abreviacion = 'P_JURIDICA'), LOCALTIMESTAMP, LOCALTIMESTAMP) RETURNING id AS user_id ) INSERT INTO terceros.tercero_tipo_tercero(tercero_id, tipo_tercero_id, activo, fecha_creacion, fecha_modificacion) SELECT user_id, (SELECT id FROM terceros.tipo_tercero WHERE codigo_abreviacion = 'F_PENSION'), TRUE, LOCALTIMESTAMP, LOCALTIMESTAMP FROM ins1;
WITH ins1 AS ( INSERT INTO terceros.tercero(nombre_completo, activo, tipo_contribuyente_id, fecha_creacion, fecha_modificacion) VALUES ('Fondo de solidaridad pensional', TRUE, (SELECT id FROM terceros.tipo_contribuyente WHERE codigo_abreviacion = 'P_JURIDICA'), LOCALTIMESTAMP, LOCALTIMESTAMP) RETURNING id AS user_id ) INSERT INTO terceros.tercero_tipo_tercero(tercero_id, tipo_tercero_id, activo, fecha_creacion, fecha_modificacion) SELECT user_id, (SELECT id FROM terceros.tipo_tercero WHERE codigo_abreviacion = 'F_PENSION'), TRUE, LOCALTIMESTAMP, LOCALTIMESTAMP FROM ins1;
WITH ins1 AS ( INSERT INTO terceros.tercero(nombre_completo, activo, tipo_contribuyente_id, fecha_creacion, fecha_modificacion) VALUES ('Famisanar EPS Colsubsidio', TRUE, (SELECT id FROM terceros.tipo_contribuyente WHERE codigo_abreviacion = 'P_JURIDICA'), LOCALTIMESTAMP, LOCALTIMESTAMP) RETURNING id AS user_id ) INSERT INTO terceros.tercero_tipo_tercero(tercero_id, tipo_tercero_id, activo, fecha_creacion, fecha_modificacion) SELECT user_id, (SELECT id FROM terceros.tipo_tercero WHERE codigo_abreviacion = 'EPS'), TRUE, LOCALTIMESTAMP, LOCALTIMESTAMP FROM ins1;
WITH ins1 AS ( INSERT INTO terceros.tercero(nombre_completo, activo, tipo_contribuyente_id, fecha_creacion, fecha_modificacion) VALUES ('Régimen Especial', TRUE, (SELECT id FROM terceros.tipo_contribuyente WHERE codigo_abreviacion = 'P_JURIDICA'), LOCALTIMESTAMP, LOCALTIMESTAMP) RETURNING id AS user_id ) INSERT INTO terceros.tercero_tipo_tercero(tercero_id, tipo_tercero_id, activo, fecha_creacion, fecha_modificacion) SELECT user_id, (SELECT id FROM terceros.tipo_tercero WHERE codigo_abreviacion = 'EPS'), TRUE, LOCALTIMESTAMP, LOCALTIMESTAMP FROM ins1;
WITH ins1 AS ( INSERT INTO terceros.tercero(nombre_completo, activo, tipo_contribuyente_id, fecha_creacion, fecha_modificacion) VALUES ('EPS Servisalud', TRUE, (SELECT id FROM terceros.tipo_contribuyente WHERE codigo_abreviacion = 'P_JURIDICA'), LOCALTIMESTAMP, LOCALTIMESTAMP) RETURNING id AS user_id ) INSERT INTO terceros.tercero_tipo_tercero(tercero_id, tipo_tercero_id, activo, fecha_creacion, fecha_modificacion) SELECT user_id, (SELECT id FROM terceros.tipo_tercero WHERE codigo_abreviacion = 'EPS'), TRUE, LOCALTIMESTAMP, LOCALTIMESTAMP FROM ins1;


WITH ins1 AS ( INSERT INTO terceros.tercero(nombre_completo, activo, tipo_contribuyente_id, fecha_creacion, fecha_modificacion) VALUES ('Medimás EPS', TRUE, (SELECT id FROM terceros.tipo_contribuyente WHERE codigo_abreviacion = 'P_JURIDICA'), LOCALTIMESTAMP, LOCALTIMESTAMP) RETURNING id AS user_id ) , ins2 AS ( INSERT INTO terceros.datos_identificacion(tipo_documento_id, tercero_id, numero, activo, fecha_creacion, fecha_modificacion) SELECT (SELECT id FROM terceros.tipo_documento WHERE codigo_abreviacion = 'NIT'), user_id, '901097473', TRUE, LOCALTIMESTAMP, LOCALTIMESTAMP FROM ins1 ) INSERT INTO terceros.tercero_tipo_tercero(tercero_id, tipo_tercero_id, activo, fecha_creacion, fecha_modificacion) SELECT user_id, (SELECT id FROM terceros.tipo_tercero WHERE codigo_abreviacion = 'EPS'), TRUE, LOCALTIMESTAMP, LOCALTIMESTAMP FROM ins1;
WITH ins1 AS ( INSERT INTO terceros.tercero(nombre_completo, activo, tipo_contribuyente_id, fecha_creacion, fecha_modificacion) VALUES ('Fondo Prestacional del Magisterio FOMAG', TRUE, (SELECT id FROM terceros.tipo_contribuyente WHERE codigo_abreviacion = 'P_JURIDICA'), LOCALTIMESTAMP, LOCALTIMESTAMP) RETURNING id AS user_id ) , ins2 AS ( INSERT INTO terceros.datos_identificacion(tipo_documento_id, tercero_id, numero, activo, fecha_creacion, fecha_modificacion) SELECT (SELECT id FROM terceros.tipo_documento WHERE codigo_abreviacion = 'NIT'), user_id, '830053105', TRUE, LOCALTIMESTAMP, LOCALTIMESTAMP FROM ins1 ) INSERT INTO terceros.tercero_tipo_tercero(tercero_id, tipo_tercero_id, activo, fecha_creacion, fecha_modificacion) SELECT user_id, (SELECT id FROM terceros.tipo_tercero WHERE codigo_abreviacion = 'F_PENSION'), TRUE, LOCALTIMESTAMP, LOCALTIMESTAMP FROM ins1;
WITH ins1 AS ( INSERT INTO terceros.tercero(nombre_completo, activo, tipo_contribuyente_id, fecha_creacion, fecha_modificacion) VALUES ('EPS MedPlus', TRUE, (SELECT id FROM terceros.tipo_contribuyente WHERE codigo_abreviacion = 'P_JURIDICA'), LOCALTIMESTAMP, LOCALTIMESTAMP) RETURNING id AS user_id ) , ins2 AS ( INSERT INTO terceros.datos_identificacion(tipo_documento_id, tercero_id, numero, activo, fecha_creacion, fecha_modificacion) SELECT (SELECT id FROM terceros.tipo_documento WHERE codigo_abreviacion = 'NIT'), user_id, '900178724', TRUE, LOCALTIMESTAMP, LOCALTIMESTAMP FROM ins1 ) INSERT INTO terceros.tercero_tipo_tercero(tercero_id, tipo_tercero_id, activo, fecha_creacion, fecha_modificacion) SELECT user_id, (SELECT id FROM terceros.tipo_tercero WHERE codigo_abreviacion = 'EPS'), TRUE, LOCALTIMESTAMP, LOCALTIMESTAMP FROM ins1;
WITH ins1 AS ( INSERT INTO terceros.tercero(nombre_completo, activo, tipo_contribuyente_id, fecha_creacion, fecha_modificacion) VALUES ('Fiduprevisora', TRUE, (SELECT id FROM terceros.tipo_contribuyente WHERE codigo_abreviacion = 'P_JURIDICA'), LOCALTIMESTAMP, LOCALTIMESTAMP) RETURNING id AS user_id ) , ins2 AS ( INSERT INTO terceros.datos_identificacion(tipo_documento_id, tercero_id, numero, activo, fecha_creacion, fecha_modificacion) SELECT (SELECT id FROM terceros.tipo_documento WHERE codigo_abreviacion = 'NIT'), user_id, '860525148', TRUE, LOCALTIMESTAMP, LOCALTIMESTAMP FROM ins1 ) INSERT INTO terceros.tercero_tipo_tercero(tercero_id, tipo_tercero_id, activo, fecha_creacion, fecha_modificacion) SELECT user_id, (SELECT id FROM terceros.tipo_tercero WHERE codigo_abreviacion = 'F_PENSION'), TRUE, LOCALTIMESTAMP, LOCALTIMESTAMP FROM ins1;
WITH ins1 AS ( INSERT INTO terceros.tercero(nombre_completo, activo, tipo_contribuyente_id, fecha_creacion, fecha_modificacion) VALUES ('EPS Unisalud', TRUE, (SELECT id FROM terceros.tipo_contribuyente WHERE codigo_abreviacion = 'P_JURIDICA'), LOCALTIMESTAMP, LOCALTIMESTAMP) RETURNING id AS user_id ) , ins2 AS ( INSERT INTO terceros.datos_identificacion(tipo_documento_id, tercero_id, numero, activo, fecha_creacion, fecha_modificacion) SELECT (SELECT id FROM terceros.tipo_documento WHERE codigo_abreviacion = 'NIT'), user_id, '860010783', TRUE, LOCALTIMESTAMP, LOCALTIMESTAMP FROM ins1 ) INSERT INTO terceros.tercero_tipo_tercero(tercero_id, tipo_tercero_id, activo, fecha_creacion, fecha_modificacion) SELECT user_id, (SELECT id FROM terceros.tipo_tercero WHERE codigo_abreviacion = 'EPS'), TRUE, LOCALTIMESTAMP, LOCALTIMESTAMP FROM ins1;




